category,tenor_years,bank,grr,spread,avg_lending_rate,average_apr,as_of,max_fees_total,fee_count,basis,source
household,1,Bank of Africa Ghana Limited,29.31,-13.31,16.0,24.82,2024-09-30,4.58,3,indicative; actual APR varies by borrower assessment,apr-2024-09.pdf
household,1,Societe General Ghana PLC,29.31,-2.76,26.55,31.96,2024-09-30,5.56,3,indicative; actual APR varies by borrower assessment,apr-2024-09.pdf
household,1,Consolidated Bank Ghana Limited,29.31,-0.62,28.69,31.99,2024-09-30,3.0,2,indicative; actual APR varies by borrower assessment,apr-2024-09.pdf
household,1,Republic Bank (Ghana) PLC,29.31,-1.96,27.35,32.43,2024-09-30,3.0,3,indicative; actual APR varies by borrower assessment,apr-2024-09.pdf
household,1,Stanbic Bank Ghana Limited,29.31,-0.45,28.86,32.83,2024-09-30,2.6,2,indicative; actual APR varies by borrower assessment,apr-2024-09.pdf
household,1,FBNBank (Ghana) Limited,29.31,-1.31,28.0,33.91,2024-09-30,3.5,3,indicative; actual APR varies by borrower assessment,apr-2024-09.pdf
household,1,Absa Bank Ghana Limited,29.31,3.05,32.36,34.01,2024-09-30,3.26,2,indicative; actual APR varies by borrower assessment,apr-2024-09.pdf
household,1,Standard Chartered Bank (Ghana) Limited,29.31,-3.97,25.34,34.28,2024-09-30,0.02,1,indicative; actual APR varies by borrower assessment,apr-2024-09.pdf
household,1,Ecobank Ghana Limited,29.31,3.32,32.63,34.4,2024-09-30,2.25,4,indicative; actual APR varies by borrower assessment,apr-2024-09.pdf
household,1,OmniBSIC Bank Ghana Limited,29.31,1.69,31.0,35.04,2024-09-30,3.0,2,indicative; actual APR varies by borrower assessment,apr-2024-09.pdf
household,1,GCB Bank Limited,29.31,-4.31,25.0,35.3,2024-09-30,3.8,3,indicative; actual APR varies by borrower assessment,apr-2024-09.pdf
household,1,Prudential Bank Limited,29.31,0.69,30.0,35.46,2024-09-30,5.0,3,indicative; actual APR varies by borrower assessment,apr-2024-09.pdf
household,1,Zenith Bank (Ghana) Limited,29.31,2.16,31.47,35.91,2024-09-30,3.5,4,indicative; actual APR varies by borrower assessment,apr-2024-09.pdf
household,1,First Atlantic Bank Limited,29.31,4.97,34.28,36.3,2024-09-30,1.0,2,indicative; actual APR varies by borrower assessment,apr-2024-09.pdf
household,1,Guaranty Trust Bank (Ghana) Limited,29.31,5.69,35.0,38.61,2024-09-30,3.0,3,indicative; actual APR varies by borrower assessment,apr-2024-09.pdf
household,1,Access Bank Ghana Plc,29.31,3.78,33.09,38.77,2024-09-30,3.0,3,indicative; actual APR varies by borrower assessment,apr-2024-09.pdf
household,1,Agricultural Development Bank Limited,29.31,5.37,34.68,39.83,2024-09-30,3.0,3,indicative; actual APR varies by borrower assessment,apr-2024-09.pdf
household,1,United Bank for Africa (Ghana) Limited,29.31,6.69,36.0,42.0,2024-09-30,4.0,2,indicative; actual APR varies by borrower assessment,apr-2024-09.pdf
household,1,First National Bank (Ghana) Limited,29.31,6.38,35.69,43.52,2024-09-30,4.9,2,indicative; actual APR varies by borrower assessment,apr-2024-09.pdf
household,1,National Investment Bank Limited,29.31,14.3,43.61,44.22,2024-09-30,2.25,2,indicative; actual APR varies by borrower assessment,apr-2024-09.pdf
household,1,Fidelity Bank Ghana Limited,29.31,4.63,33.94,49.92,2024-09-30,3.68,2,indicative; actual APR varies by borrower assessment,apr-2024-09.pdf
household,1,Universal Merchant Bank Limited,29.31,7.69,37.0,55.98,2024-09-30,2.0,2,indicative; actual APR varies by borrower assessment,apr-2024-09.pdf
household,1,CalBank PLC,29.31,,,,2024-09-30,0,0,indicative; actual APR varies by borrower assessment,apr-2024-09.pdf
household,3,Bank of Africa Ghana Limited,29.31,-11.1,18.21,24.18,2024-09-30,4.58,3,indicative; actual APR varies by borrower assessment,apr-2024-09.pdf
household,3,Societe General Ghana PLC,29.31,-3.04,26.27,26.98,2024-09-30,5.41,3,indicative; actual APR varies by borrower assessment,apr-2024-09.pdf
household,3,Consolidated Bank Ghana Limited,29.31,0.03,29.34,27.56,2024-09-30,3.0,2,indicative; actual APR varies by borrower assessment,apr-2024-09.pdf
household,3,Republic Bank (Ghana) PLC,29.31,-1.96,27.35,28.89,2024-09-30,3.0,3,indicative; actual APR varies by borrower assessment,apr-2024-09.pdf
household,3,Absa Bank Ghana Limited,29.31,0.89,30.2,30.06,2024-09-30,3.07,2,indicative; actual APR varies by borrower assessment,apr-2024-09.pdf
household,3,Access Bank Ghana Plc,29.31,3.38,32.69,30.22,2024-09-30,3.0,3,indicative; actual APR varies by borrower assessment,apr-2024-09.pdf
household,3,Standard Chartered Bank (Ghana) Limited,29.31,-3.97,25.34,30.61,2024-09-30,0.02,1,indicative; actual APR varies by borrower assessment,apr-2024-09.pdf
household,3,Stanbic Bank Ghana Limited,29.31,-1.96,27.35,31.38,2024-09-30,2.6,2,indicative; actual APR varies by borrower assessment,apr-2024-09.pdf
household,3,GCB Bank Limited,29.31,-4.31,25.0,32.77,2024-09-30,3.8,3,indicative; actual APR varies by borrower assessment,apr-2024-09.pdf
household,3,Fidelity Bank Ghana Limited,29.31,-4.24,25.07,32.83,2024-09-30,5.85,3,indicative; actual APR varies by borrower assessment,apr-2024-09.pdf
household,3,FBNBank (Ghana) Limited,29.31,2.0,31.31,33.06,2024-09-30,3.5,3,indicative; actual APR varies by borrower assessment,apr-2024-09.pdf
household,3,Zenith Bank (Ghana) Limited,29.31,2.19,31.5,33.37,2024-09-30,3.5,3,indicative; actual APR varies by borrower assessment,apr-2024-09.pdf
household,3,Ecobank Ghana Limited,29.31,4.07,33.38,34.8,2024-09-30,2.25,4,indicative; actual APR varies by borrower assessment,apr-2024-09.pdf
household,3,First Atlantic Bank Limited,29.31,7.19,36.5,34.92,2024-09-30,3.5,2,indicative; actual APR varies by borrower assessment,apr-2024-09.pdf
household,3,OmniBSIC Bank Ghana Limited,29.31,1.69,31.0,35.04,2024-09-30,3.0,2,indicative; actual APR varies by borrower assessment,apr-2024-09.pdf
household,3,Prudential Bank Limited,29.31,2.19,31.5,35.35,2024-09-30,5.0,3,indicative; actual APR varies by borrower assessment,apr-2024-09.pdf
household,3,Agricultural Development Bank Limited,29.31,3.77,33.08,36.13,2024-09-30,3.0,3,indicative; actual APR varies by borrower assessment,apr-2024-09.pdf
household,3,Guaranty Trust Bank (Ghana) Limited,29.31,5.69,35.0,36.84,2024-09-30,3.0,3,indicative; actual APR varies by borrower assessment,apr-2024-09.pdf
household,3,United Bank for Africa (Ghana) Limited,29.31,7.69,37.0,38.0,2024-09-30,4.0,2,indicative; actual APR varies by borrower assessment,apr-2024-09.pdf
household,3,Universal Merchant Bank Limited,29.31,7.69,37.0,39.27,2024-09-30,2.0,2,indicative; actual APR varies by borrower assessment,apr-2024-09.pdf
household,3,National Investment Bank Limited,29.31,14.3,43.61,43.62,2024-09-30,2.85,2,indicative; actual APR varies by borrower assessment,apr-2024-09.pdf
household,3,CalBank PLC,29.31,,,,2024-09-30,0,0,indicative; actual APR varies by borrower assessment,apr-2024-09.pdf
household,3,First National Bank (Ghana) Limited,29.31,,,,2024-09-30,0,0,indicative; actual APR varies by borrower assessment,apr-2024-09.pdf
household,5,Absa Bank Ghana Limited,29.31,-0.59,28.72,24.81,2024-09-30,2.73,2,indicative; actual APR varies by borrower assessment,apr-2024-09.pdf
household,5,Societe General Ghana PLC,29.31,-5.22,24.09,25.0,2024-09-30,4.27,3,indicative; actual APR varies by borrower assessment,apr-2024-09.pdf
household,5,Fidelity Bank Ghana Limited,29.31,-4.65,24.66,27.18,2024-09-30,6.3,3,indicative; actual APR varies by borrower assessment,apr-2024-09.pdf
household,5,Republic Bank (Ghana) PLC,29.31,-1.96,27.35,28.18,2024-09-30,3.0,3,indicative; actual APR varies by borrower assessment,apr-2024-09.pdf
household,5,Stanbic Bank Ghana Limited,29.31,-1.96,27.35,29.22,2024-09-30,2.6,2,indicative; actual APR varies by borrower assessment,apr-2024-09.pdf
household,5,Access Bank Ghana Plc,29.31,2.6,31.91,29.97,2024-09-30,3.0,3,indicative; actual APR varies by borrower assessment,apr-2024-09.pdf
household,5,Consolidated Bank Ghana Limited,29.31,0.29,29.6,30.32,2024-09-30,3.0,2,indicative; actual APR varies by borrower assessment,apr-2024-09.pdf
household,5,Zenith Bank (Ghana) Limited,29.31,-0.81,28.5,30.41,2024-09-30,3.0,3,indicative; actual APR varies by borrower assessment,apr-2024-09.pdf
household,5,Standard Chartered Bank (Ghana) Limited,29.31,-3.97,25.34,30.61,2024-09-30,0.02,1,indicative; actual APR varies by borrower assessment,apr-2024-09.pdf
household,5,Bank of Africa Ghana Limited,29.31,-8.1,21.21,30.84,2024-09-30,4.58,3,indicative; actual APR varies by borrower assessment,apr-2024-09.pdf
household,5,GCB Bank Limited,29.31,-4.31,25.0,32.26,2024-09-30,3.8,3,indicative; actual APR varies by borrower assessment,apr-2024-09.pdf
household,5,Prudential Bank Limited,29.31,1.39,30.7,32.36,2024-09-30,5.0,3,indicative; actual APR varies by borrower assessment,apr-2024-09.pdf
household,5,Ecobank Ghana Limited,29.31,4.11,33.42,34.8,2024-09-30,2.25,4,indicative; actual APR varies by borrower assessment,apr-2024-09.pdf
household,5,OmniBSIC Bank Ghana Limited,29.31,1.69,31.0,35.04,2024-09-30,3.0,2,indicative; actual APR varies by borrower assessment,apr-2024-09.pdf
household,5,Guaranty Trust Bank (Ghana) Limited,29.31,5.69,35.0,35.88,2024-09-30,3.0,3,indicative; actual APR varies by borrower assessment,apr-2024-09.pdf
household,5,United Bank for Africa (Ghana) Limited,29.31,7.69,37.0,38.0,2024-09-30,4.0,2,indicative; actual APR varies by borrower assessment,apr-2024-09.pdf
household,5,Agricultural Development Bank Limited,29.31,4.01,33.32,38.05,2024-09-30,3.0,3,indicative; actual APR varies by borrower assessment,apr-2024-09.pdf
household,5,First National Bank (Ghana) Limited,29.31,5.92,35.23,38.76,2024-09-30,4.9,2,indicative; actual APR varies by borrower assessment,apr-2024-09.pdf
household,5,First Atlantic Bank Limited,29.31,7.21,36.52,38.94,2024-09-30,3.5,2,indicative; actual APR varies by borrower assessment,apr-2024-09.pdf
household,5,National Investment Bank Limited,29.31,14.3,43.61,44.06,2024-09-30,3.75,2,indicative; actual APR varies by borrower assessment,apr-2024-09.pdf
household,5,CalBank PLC,29.31,,,,2024-09-30,0,0,indicative; actual APR varies by borrower assessment,apr-2024-09.pdf
household,5,FBNBank (Ghana) Limited,29.31,,,,2024-09-30,0,0,indicative; actual APR varies by borrower assessment,apr-2024-09.pdf
household,5,Universal Merchant Bank Limited,29.31,,,,2024-09-30,0,0,indicative; actual APR varies by borrower assessment,apr-2024-09.pdf
sme,1,Absa Bank Ghana Limited,29.31,-13.53,15.78,25.1,2024-09-30,2.0,2,indicative; actual APR varies by borrower assessment,apr-2024-09.pdf
sme,1,GCB Bank Limited,29.31,5.79,35.1,30.25,2024-09-30,1.0,1,indicative; actual APR varies by borrower assessment,apr-2024-09.pdf
sme,1,Universal Merchant Bank Limited,29.31,2.58,31.89,32.9,2024-09-30,1.0,2,indicative; actual APR varies by borrower assessment,apr-2024-09.pdf
sme,1,Consolidated Bank Ghana Limited,29.31,5.49,34.8,33.38,2024-09-30,2.4,2,indicative; actual APR varies by borrower assessment,apr-2024-09.pdf
sme,1,Standard Chartered Bank (Ghana) Limited,29.31,-3.97,25.34,33.82,2024-09-30,0.02,1,indicative; actual APR varies by borrower assessment,apr-2024-09.pdf
sme,1,CalBank PLC,29.31,3.65,32.96,33.88,2024-09-30,2.0,2,indicative; actual APR varies by borrower assessment,apr-2024-09.pdf
sme,1,FBNBank (Ghana) Limited,29.31,4.65,33.96,34.28,2024-09-30,2.5,2,indicative; actual APR varies by borrower assessment,apr-2024-09.pdf
sme,1,Ecobank Ghana Limited,29.31,4.83,34.14,34.82,2024-09-30,2.25,4,indicative; actual APR varies by borrower assessment,apr-2024-09.pdf
sme,1,OmniBSIC Bank Ghana Limited,29.31,1.69,31.0,35.04,2024-09-30,4.0,2,indicative; actual APR varies by borrower assessment,apr-2024-09.pdf
sme,1,Prudential Bank Limited,29.31,4.69,34.0,35.1,2024-09-30,4.0,3,indicative; actual APR varies by borrower assessment,apr-2024-09.pdf
sme,1,Access Bank Ghana Plc,29.31,2.09,31.4,35.47,2024-09-30,3.5,2,indicative; actual APR varies by borrower assessment,apr-2024-09.pdf
sme,1,Zenith Bank (Ghana) Limited,29.31,-1.77,27.54,35.48,2024-09-30,5.5,3,indicative; actual APR varies by borrower assessment,apr-2024-09.pdf
sme,1,First Atlantic Bank Limited,29.31,4.25,33.56,35.57,2024-09-30,1.0,2,indicative; actual APR varies by borrower assessment,apr-2024-09.pdf
sme,1,Guaranty Trust Bank (Ghana) Limited,29.31,5.69,35.0,36.71,2024-09-30,2.0,2,indicative; actual APR varies by borrower assessment,apr-2024-09.pdf
sme,1,Bank of Africa Ghana Limited,29.31,-0.19,29.12,38.27,2024-09-30,4.21,3,indicative; actual APR varies by borrower assessment,apr-2024-09.pdf
sme,1,Republic Bank (Ghana) PLC,29.31,4.42,33.73,38.73,2024-09-30,3.0,2,indicative; actual APR varies by borrower assessment,apr-2024-09.pdf
sme,1,Societe General Ghana PLC,29.31,5.15,34.46,38.81,2024-09-30,3.5,2,indicative; actual APR varies by borrower assessment,apr-2024-09.pdf
sme,1,United Bank for Africa (Ghana) Limited,29.31,6.69,36.0,39.0,2024-09-30,3.0,1,indicative; actual APR varies by borrower assessment,apr-2024-09.pdf
sme,1,First National Bank (Ghana) Limited,29.31,5.56,34.87,40.3,2024-09-30,2.5,1,indicative; actual APR varies by borrower assessment,apr-2024-09.pdf
sme,1,Stanbic Bank Ghana Limited,29.31,7.93,37.24,43.49,2024-09-30,3.55,2,indicative; actual APR varies by borrower assessment,apr-2024-09.pdf
sme,1,Agricultural Development Bank Limited,29.31,11.38,40.69,45.76,2024-09-30,3.0,2,indicative; actual APR varies by borrower assessment,apr-2024-09.pdf
sme,1,Fidelity Bank Ghana Limited,29.31,11.16,40.47,59.44,2024-09-30,2.0,1,indicative; actual APR varies by borrower assessment,apr-2024-09.pdf
sme,1,National Investment Bank Limited,29.31,,,,2024-09-30,0,0,indicative; actual APR varies by borrower assessment,apr-2024-09.pdf
sme,3,GCB Bank Limited,29.31,5.79,35.1,29.58,2024-09-30,1.0,1,indicative; actual APR varies by borrower assessment,apr-2024-09.pdf
sme,3,Access Bank Ghana Plc,29.31,-0.82,28.49,30.74,2024-09-30,2.0,2,indicative; actual APR varies by borrower assessment,apr-2024-09.pdf
sme,3,Universal Merchant Bank Limited,29.31,,30.0,31.18,2024-09-30,2.0,2,indicative; actual APR varies by borrower assessment,apr-2024-09.pdf
sme,3,United Bank for Africa (Ghana) Limited,29.31,2.69,32.0,33.0,2024-09-30,2.0,1,indicative; actual APR varies by borrower assessment,apr-2024-09.pdf
sme,3,Standard Chartered Bank (Ghana) Limited,29.31,-3.97,25.34,33.82,2024-09-30,0.02,1,indicative; actual APR varies by borrower assessment,apr-2024-09.pdf
sme,3,Prudential Bank Limited,29.31,,34.31,34.5,2024-09-30,4.0,3,indicative; actual APR varies by borrower assessment,apr-2024-09.pdf
sme,3,Ecobank Ghana Limited,29.31,5.14,34.45,34.82,2024-09-30,2.25,4,indicative; actual APR varies by borrower assessment,apr-2024-09.pdf
sme,3,OmniBSIC Bank Ghana Limited,29.31,,31.0,35.04,2024-09-30,4.0,2,indicative; actual APR varies by borrower assessment,apr-2024-09.pdf
sme,3,Republic Bank (Ghana) PLC,29.31,4.42,33.73,35.21,2024-09-30,3.0,2,indicative; actual APR varies by borrower assessment,apr-2024-09.pdf
sme,3,Zenith Bank (Ghana) Limited,29.31,4.14,33.45,35.35,2024-09-30,3.0,3,indicative; actual APR varies by borrower assessment,apr-2024-09.pdf
sme,3,FBNBank (Ghana) Limited,29.31,5.69,35.0,36.22,2024-09-30,2.5,2,indicative; actual APR varies by borrower assessment,apr-2024-09.pdf
sme,3,Absa Bank Ghana Limited,29.31,6.5,35.81,36.92,2024-09-30,2.0,2,indicative; actual APR varies by borrower assessment,apr-2024-09.pdf
sme,3,Agricultural Development Bank Limited,29.31,6.01,35.32,36.99,2024-09-30,3.0,2,indicative; actual APR varies by borrower assessment,apr-2024-09.pdf
sme,3,Consolidated Bank Ghana Limited,29.31,,35.96,39.3,2024-09-30,2.4,2,indicative; actual APR varies by borrower assessment,apr-2024-09.pdf
sme,3,Fidelity Bank Ghana Limited,29.31,8.67,37.98,41.6,2024-09-30,2.0,1,indicative; actual APR varies by borrower assessment,apr-2024-09.pdf
sme,3,Stanbic Bank Ghana Limited,29.31,7.54,36.85,44.24,2024-09-30,3.5,2,indicative; actual APR varies by borrower assessment,apr-2024-09.pdf
sme,3,CalBank PLC,29.31,,,,2024-09-30,0,0,indicative; actual APR varies by borrower assessment,apr-2024-09.pdf
sme,3,Bank of Africa Ghana Limited,29.31,,,,2024-09-30,0,0,indicative; actual APR varies by borrower assessment,apr-2024-09.pdf
sme,3,National Investment Bank Limited,29.31,,,,2024-09-30,0,0,indicative; actual APR varies by borrower assessment,apr-2024-09.pdf
sme,3,First Atlantic Bank Limited,29.31,,,,2024-09-30,0,0,indicative; actual APR varies by borrower assessment,apr-2024-09.pdf
sme,3,Guaranty Trust Bank (Ghana) Limited,29.31,,,,2024-09-30,0,0,indicative; actual APR varies by borrower assessment,apr-2024-09.pdf
sme,3,First National Bank (Ghana) Limited,29.31,,,,2024-09-30,0,0,indicative; actual APR varies by borrower assessment,apr-2024-09.pdf
sme,3,Societe General Ghana PLC,29.31,,,,2024-09-30,0,0,indicative; actual APR varies by borrower assessment,apr-2024-09.pdf
sme,5,Fidelity Bank Ghana Limited,29.31,-2.91,26.4,26.91,2024-09-30,1.0,1,indicative; actual APR varies by borrower assessment,apr-2024-09.pdf
sme,5,Prudential Bank Limited,29.31,0.69,30.0,31.73,2024-09-30,4.0,3,indicative; actual APR varies by borrower assessment,apr-2024-09.pdf
sme,5,Standard Chartered Bank (Ghana) Limited,29.31,-3.97,25.34,33.82,2024-09-30,0.02,1,indicative; actual APR varies by borrower assessment,apr-2024-09.pdf
sme,5,Republic Bank (Ghana) PLC,29.31,4.42,33.73,34.52,2024-09-30,3.0,2,indicative; actual APR varies by borrower assessment,apr-2024-09.pdf
sme,5,OmniBSIC Bank Ghana Limited,29.31,1.69,31.0,35.04,2024-09-30,4.0,2,indicative; actual APR varies by borrower assessment,apr-2024-09.pdf
sme,5,Ecobank Ghana Limited,29.31,5.54,34.85,35.22,2024-09-30,2.25,4,indicative; actual APR varies by borrower assessment,apr-2024-09.pdf
sme,5,United Bank for Africa (Ghana) Limited,29.31,6.69,36.0,36.0,2024-09-30,2.0,1,indicative; actual APR varies by borrower assessment,apr-2024-09.pdf
sme,5,Access Bank Ghana Plc,29.31,7.41,36.72,36.9,2024-09-30,2.0,2,indicative; actual APR varies by borrower assessment,apr-2024-09.pdf
sme,5,Agricultural Development Bank Limited,29.31,4.85,34.16,37.42,2024-09-30,3.0,2,indicative; actual APR varies by borrower assessment,apr-2024-09.pdf
sme,5,Stanbic Bank Ghana Limited,29.31,7.66,36.97,39.45,2024-09-30,3.5,2,indicative; actual APR varies by borrower assessment,apr-2024-09.pdf
sme,5,CalBank PLC,29.31,,,,2024-09-30,0,0,indicative; actual APR varies by borrower assessment,apr-2024-09.pdf
sme,5,Bank of Africa Ghana Limited,29.31,,,,2024-09-30,0,0,indicative; actual APR varies by borrower assessment,apr-2024-09.pdf
sme,5,Zenith Bank (Ghana) Limited,29.31,,,,2024-09-30,0,0,indicative; actual APR varies by borrower assessment,apr-2024-09.pdf
sme,5,GCB Bank Limited,29.31,,,,2024-09-30,0,0,indicative; actual APR varies by borrower assessment,apr-2024-09.pdf
sme,5,FBNBank (Ghana) Limited,29.31,,,,2024-09-30,0,0,indicative; actual APR varies by borrower assessment,apr-2024-09.pdf
sme,5,National Investment Bank Limited,29.31,,,,2024-09-30,0,0,indicative; actual APR varies by borrower assessment,apr-2024-09.pdf
sme,5,First Atlantic Bank Limited,29.31,,,,2024-09-30,0,0,indicative; actual APR varies by borrower assessment,apr-2024-09.pdf
sme,5,Guaranty Trust Bank (Ghana) Limited,29.31,,,,2024-09-30,0,0,indicative; actual APR varies by borrower assessment,apr-2024-09.pdf
sme,5,First National Bank (Ghana) Limited,29.31,,,,2024-09-30,0,0,indicative; actual APR varies by borrower assessment,apr-2024-09.pdf
sme,5,Absa Bank Ghana Limited,29.31,,,,2024-09-30,0,0,indicative; actual APR varies by borrower assessment,apr-2024-09.pdf
sme,5,Universal Merchant Bank Limited,29.31,,,,2024-09-30,0,0,indicative; actual APR varies by borrower assessment,apr-2024-09.pdf
sme,5,Consolidated Bank Ghana Limited,29.31,,,,2024-09-30,0,0,indicative; actual APR varies by borrower assessment,apr-2024-09.pdf
sme,5,Societe General Ghana PLC,29.31,,,,2024-09-30,0,0,indicative; actual APR varies by borrower assessment,apr-2024-09.pdf
corporate,1,GCB Bank Limited,29.31,1.09,30.4,28.3,2024-09-30,1.0,1,indicative; actual APR varies by borrower assessment,apr-2024-09.pdf
corporate,1,Absa Bank Ghana Limited,29.31,0.85,30.16,30.16,2024-09-30,1.0,1,indicative; actual APR varies by borrower assessment,apr-2024-09.pdf
corporate,1,Standard Chartered Bank (Ghana) Limited,29.31,-3.97,25.34,30.58,2024-09-30,0.02,1,indicative; actual APR varies by borrower assessment,apr-2024-09.pdf
corporate,1,Universal Merchant Bank Limited,29.31,1.04,30.35,32.35,2024-09-30,1.0,2,indicative; actual APR varies by borrower assessment,apr-2024-09.pdf
corporate,1,Zenith Bank (Ghana) Limited,29.31,1.33,30.64,32.38,2024-09-30,1.0,2,indicative; actual APR varies by borrower assessment,apr-2024-09.pdf
corporate,1,Societe General Ghana PLC,29.31,2.44,31.75,32.86,2024-09-30,1.11,2,indicative; actual APR varies by borrower assessment,apr-2024-09.pdf
corporate,1,Ecobank Ghana Limited,29.31,3.7,33.01,33.32,2024-09-30,2.25,4,indicative; actual APR varies by borrower assessment,apr-2024-09.pdf
corporate,1,Access Bank Ghana Plc,29.31,2.95,32.26,33.68,2024-09-30,1.0,2,indicative; actual APR varies by borrower assessment,apr-2024-09.pdf
corporate,1,First Atlantic Bank Limited,29.31,3.0,32.31,33.94,2024-09-30,1.0,2,indicative; actual APR varies by borrower assessment,apr-2024-09.pdf
corporate,1,Stanbic Bank Ghana Limited,29.31,1.47,30.78,35.02,2024-09-30,0.5,1,indicative; actual APR varies by borrower assessment,apr-2024-09.pdf
corporate,1,OmniBSIC Bank Ghana Limited,29.31,1.69,31.0,35.04,2024-09-30,4.0,2,indicative; actual APR varies by borrower assessment,apr-2024-09.pdf
corporate,1,Guaranty Trust Bank (Ghana) Limited,29.31,4.36,33.67,35.19,2024-09-30,1.85,2,indicative; actual APR varies by borrower assessment,apr-2024-09.pdf
corporate,1,Fidelity Bank Ghana Limited,29.31,4.04,33.35,35.35,2024-09-30,1.0,1,indicative; actual APR varies by borrower assessment,apr-2024-09.pdf
corporate,1,United Bank for Africa (Ghana) Limited,29.31,2.69,32.0,36.0,2024-09-30,0.5,1,indicative; actual APR varies by borrower assessment,apr-2024-09.pdf
corporate,1,FBNBank (Ghana) Limited,29.31,1.04,30.35,36.0,2024-09-30,2.5,2,indicative; actual APR varies by borrower assessment,apr-2024-09.pdf
corporate,1,Consolidated Bank Ghana Limited,29.31,2.0,31.31,36.31,2024-09-30,3.0,2,indicative; actual APR varies by borrower assessment,apr-2024-09.pdf
corporate,1,CalBank PLC,29.31,7.27,36.58,37.72,2024-09-30,2.0,2,indicative; actual APR varies by borrower assessment,apr-2024-09.pdf
corporate,1,Bank of Africa Ghana Limited,29.31,2.5,31.81,37.84,2024-09-30,3.0,2,indicative; actual APR varies by borrower assessment,apr-2024-09.pdf
corporate,1,Republic Bank (Ghana) PLC,29.31,5.33,34.64,37.97,2024-09-30,2.0,2,indicative; actual APR varies by borrower assessment,apr-2024-09.pdf
corporate,1,First National Bank (Ghana) Limited,29.31,3.0,32.31,38.04,2024-09-30,1.0,1,indicative; actual APR varies by borrower assessment,apr-2024-09.pdf
corporate,1,Prudential Bank Limited,29.31,6.25,35.56,38.43,2024-09-30,3.5,3,indicative; actual APR varies by borrower assessment,apr-2024-09.pdf
corporate,1,Agricultural Development Bank Limited,29.31,8.2,37.51,44.92,2024-09-30,3.0,3,indicative; actual APR varies by borrower assessment,apr-2024-09.pdf
corporate,1,National Investment Bank Limited,29.31,,,,2024-09-30,0,0,indicative; actual APR varies by borrower assessment,apr-2024-09.pdf
corporate,3,GCB Bank Limited,29.31,1.09,30.4,27.63,2024-09-30,1.0,1,indicative; actual APR varies by borrower assessment,apr-2024-09.pdf
corporate,3,Standard Chartered Bank (Ghana) Limited,29.31,-3.97,25.34,30.58,2024-09-30,0.02,1,indicative; actual APR varies by borrower assessment,apr-2024-09.pdf
corporate,3,Fidelity Bank Ghana Limited,29.31,0.75,30.06,30.96,2024-09-30,1.0,1,indicative; actual APR varies by borrower assessment,apr-2024-09.pdf
corporate,3,United Bank for Africa (Ghana) Limited,29.31,0.69,30.0,31.0,2024-09-30,1.0,1,indicative; actual APR varies by borrower assessment,apr-2024-09.pdf
corporate,3,Access Bank Ghana Plc,29.31,2.71,32.02,31.42,2024-09-30,1.0,2,indicative; actual APR varies by borrower assessment,apr-2024-09.pdf
corporate,3,FBNBank (Ghana) Limited,29.31,1.5,30.81,32.07,2024-09-30,2.5,2,indicative; actual APR varies by borrower assessment,apr-2024-09.pdf
corporate,3,Ecobank Ghana Limited,29.31,4.31,33.62,32.82,2024-09-30,2.25,4,indicative; actual APR varies by borrower assessment,apr-2024-09.pdf
corporate,3,Societe General Ghana PLC,29.31,3.35,32.66,34.16,2024-09-30,1.5,2,indicative; actual APR varies by borrower assessment,apr-2024-09.pdf
corporate,3,Agricultural Development Bank Limited,29.31,-0.59,28.72,34.28,2024-09-30,2.25,3,indicative; actual APR varies by borrower assessment,apr-2024-09.pdf
corporate,3,OmniBSIC Bank Ghana Limited,29.31,1.69,31.0,35.04,2024-09-30,4.0,2,indicative; actual APR varies by borrower assessment,apr-2024-09.pdf
corporate,3,Zenith Bank (Ghana) Limited,29.31,4.14,33.45,35.05,2024-09-30,2.5,3,indicative; actual APR varies by borrower assessment,apr-2024-09.pdf
corporate,3,Republic Bank (Ghana) PLC,29.31,5.33,34.64,35.62,2024-09-30,2.0,2,indicative; actual APR varies by borrower assessment,apr-2024-09.pdf
corporate,3,Stanbic Bank Ghana Limited,29.31,4.35,33.66,37.05,2024-09-30,1.5,1,indicative; actual APR varies by borrower assessment,apr-2024-09.pdf
corporate,3,Prudential Bank Limited,29.31,38.0,,40.29,2024-09-30,3.5,3,indicative; actual APR varies by borrower assessment,apr-2024-09.pdf
corporate,3,CalBank PLC,29.31,,,,2024-09-30,0,0,indicative; actual APR varies by borrower assessment,apr-2024-09.pdf
corporate,3,Bank of Africa Ghana Limited,29.31,,,,2024-09-30,0,0,indicative; actual APR varies by borrower assessment,apr-2024-09.pdf
corporate,3,National Investment Bank Limited,29.31,,,,2024-09-30,0,0,indicative; actual APR varies by borrower assessment,apr-2024-09.pdf
corporate,3,First Atlantic Bank Limited,29.31,,,,2024-09-30,0,0,indicative; actual APR varies by borrower assessment,apr-2024-09.pdf
corporate,3,Guaranty Trust Bank (Ghana) Limited,29.31,,,,2024-09-30,0,0,indicative; actual APR varies by borrower assessment,apr-2024-09.pdf
corporate,3,First National Bank (Ghana) Limited,29.31,,,,2024-09-30,0,0,indicative; actual APR varies by borrower assessment,apr-2024-09.pdf
corporate,3,Absa Bank Ghana Limited,29.31,,,,2024-09-30,0,0,indicative; actual APR varies by borrower assessment,apr-2024-09.pdf
corporate,3,Universal Merchant Bank Limited,29.31,,,,2024-09-30,0,0,indicative; actual APR varies by borrower assessment,apr-2024-09.pdf
corporate,3,Consolidated Bank Ghana Limited,29.31,,,,2024-09-30,0,0,indicative; actual APR varies by borrower assessment,apr-2024-09.pdf
corporate,5,Bank of Africa Ghana Limited,29.31,-8.31,21.0,22.69,2024-09-30,3.0,2,indicative; actual APR varies by borrower assessment,apr-2024-09.pdf
corporate,5,GCB Bank Limited,29.31,1.09,30.4,27.5,2024-09-30,1.0,1,indicative; actual APR varies by borrower assessment,apr-2024-09.pdf
corporate,5,Standard Chartered Bank (Ghana) Limited,29.31,-3.97,25.34,30.58,2024-09-30,0.02,1,indicative; actual APR varies by borrower assessment,apr-2024-09.pdf
corporate,5,Access Bank Ghana Plc,29.31,2.86,32.17,30.77,2024-09-30,1.0,2,indicative; actual APR varies by borrower assessment,apr-2024-09.pdf
corporate,5,FBNBank (Ghana) Limited,29.31,3.0,32.31,32.97,2024-09-30,2.5,2,indicative; actual APR varies by borrower assessment,apr-2024-09.pdf
corporate,5,Societe General Ghana PLC,29.31,2.59,31.9,33.14,2024-09-30,1.24,2,indicative; actual APR varies by borrower assessment,apr-2024-09.pdf
corporate,5,Ecobank Ghana Limited,29.31,4.54,33.85,33.82,2024-09-30,2.25,4,indicative; actual APR varies by borrower assessment,apr-2024-09.pdf
corporate,5,OmniBSIC Bank Ghana Limited,29.31,1.69,31.0,35.04,2024-09-30,4.0,2,indicative; actual APR varies by borrower assessment,apr-2024-09.pdf
corporate,5,Republic Bank (Ghana) PLC,29.31,5.33,34.64,35.16,2024-09-30,2.0,2,indicative; actual APR varies by borrower assessment,apr-2024-09.pdf
corporate,5,United Bank for Africa (Ghana) Limited,29.31,5.69,35.0,36.0,2024-09-30,2.0,1,indicative; actual APR varies by borrower assessment,apr-2024-09.pdf
corporate,5,Zenith Bank (Ghana) Limited,29.31,6.69,36.0,36.36,2024-09-30,0.3,1,indicative; actual APR varies by borrower assessment,apr-2024-09.pdf
corporate,5,Fidelity Bank Ghana Limited,29.31,5.14,34.45,37.32,2024-09-30,1.0,1,indicative; actual APR varies by borrower assessment,apr-2024-09.pdf
corporate,5,Stanbic Bank Ghana Limited,29.31,5.35,34.66,37.48,2024-09-30,1.5,1,indicative; actual APR varies by borrower assessment,apr-2024-09.pdf
corporate,5,Prudential Bank Limited,29.31,8.76,38.07,39.24,2024-09-30,3.5,3,indicative; actual APR varies by borrower assessment,apr-2024-09.pdf
corporate,5,Agricultural Development Bank Limited,29.31,14.0,43.31,47.24,2024-09-30,2.25,3,indicative; actual APR varies by borrower assessment,apr-2024-09.pdf
corporate,5,CalBank PLC,29.31,,,,2024-09-30,0,0,indicative; actual APR varies by borrower assessment,apr-2024-09.pdf
corporate,5,National Investment Bank Limited,29.31,,,,2024-09-30,0,0,indicative; actual APR varies by borrower assessment,apr-2024-09.pdf
corporate,5,First Atlantic Bank Limited,29.31,,,,2024-09-30,0,0,indicative; actual APR varies by borrower assessment,apr-2024-09.pdf
corporate,5,Guaranty Trust Bank (Ghana) Limited,29.31,,,,2024-09-30,0,0,indicative; actual APR varies by borrower assessment,apr-2024-09.pdf
corporate,5,First National Bank (Ghana) Limited,29.31,,,,2024-09-30,0,0,indicative; actual APR varies by borrower assessment,apr-2024-09.pdf
corporate,5,Absa Bank Ghana Limited,29.31,,,,2024-09-30,0,0,indicative; actual APR varies by borrower assessment,apr-2024-09.pdf
corporate,5,Universal Merchant Bank Limited,29.31,,,,2024-09-30,0,0,indicative; actual APR varies by borrower assessment,apr-2024-09.pdf
corporate,5,Consolidated Bank Ghana Limited,29.31,,,,2024-09-30,0,0,indicative; actual APR varies by borrower assessment,apr-2024-09.pdf
household,1,Guaranty Trust Bank (Ghana) Limited,27.9,-7.9,20.0,23.8,2025-03-31,3.0,3,indicative; actual APR varies by borrower assessment,apr-2025-03.pdf
household,1,Bank of Africa Ghana Limited,27.9,-11.9,16.0,25.93,2025-03-31,5.08,3,indicative; actual APR varies by borrower assessment,apr-2025-03.pdf
household,1,GCB Bank Limited,27.9,-4.5,23.4,27.2,2025-03-31,3.8,3,indicative; actual APR varies by borrower assessment,apr-2025-03.pdf
household,1,Societe General Ghana PLC,27.9,-2.01,25.89,27.48,2025-03-31,5.35,3,indicative; actual APR varies by borrower assessment,apr-2025-03.pdf
household,1,Republic Bank (Ghana) PLC,27.9,-3.91,23.99,29.12,2025-03-31,3.0,3,indicative; actual APR varies by borrower assessment,apr-2025-03.pdf
household,1,Standard Chartered Bank (Ghana) Limited,27.9,-2.88,25.02,29.67,2025-03-31,0.03,1,indicative; actual APR varies by borrower assessment,apr-2025-03.pdf
household,1,Absa Bank Ghana Limited,27.9,0.17,28.07,32.08,2025-03-31,2.98,2,indicative; actual APR varies by borrower assessment,apr-2025-03.pdf
household,1,Ecobank Ghana Limited,27.9,3.03,30.93,32.93,2025-03-31,3.2,4,indicative; actual APR varies by borrower assessment,apr-2025-03.pdf
household,1,Zenith Bank (Ghana) Limited,27.9,2.0,29.9,33.24,2025-03-31,2.0,2,indicative; actual APR varies by borrower assessment,apr-2025-03.pdf
household,1,Access Bank Ghana Plc,27.9,5.37,33.27,33.3,2025-03-31,3.0,3,indicative; actual APR varies by borrower assessment,apr-2025-03.pdf
household,1,Consolidated Bank Ghana Limited,27.9,0.66,28.56,33.95,2025-03-31,3.0,2,indicative; actual APR varies by borrower assessment,apr-2025-03.pdf
household,1,OmniBSIC Bank Ghana Limited,27.9,3.21,31.11,34.09,2025-03-31,3.0,2,indicative; actual APR varies by borrower assessment,apr-2025-03.pdf
household,1,First National Bank (Ghana) Limited,27.9,5.0,32.9,35.54,2025-03-31,2.0,1,indicative; actual APR varies by borrower assessment,apr-2025-03.pdf
household,1,FBNBank (Ghana) Limited,27.9,2.0,29.9,35.78,2025-03-31,3.5,3,indicative; actual APR varies by borrower assessment,apr-2025-03.pdf
household,1,First Atlantic Bank Limited,27.9,5.0,32.9,36.95,2025-03-31,2.0,2,indicative; actual APR varies by borrower assessment,apr-2025-03.pdf
household,1,Fidelity Bank Ghana Limited,27.9,-0.3,27.6,38.42,2025-03-31,3.68,2,indicative; actual APR varies by borrower assessment,apr-2025-03.pdf
household,1,United Bank for Africa (Ghana) Limited,27.9,8.2,36.1,39.42,2025-03-31,2.0,1,indicative; actual APR varies by borrower assessment,apr-2025-03.pdf
household,1,Agricultural Development Bank Limited,27.9,6.44,34.34,39.61,2025-03-31,3.0,3,indicative; actual APR varies by borrower assessment,apr-2025-03.pdf
household,1,Universal Merchant Bank Limited,27.9,9.1,37.0,41.09,2025-03-31,2.0,2,indicative; actual APR varies by borrower assessment,apr-2025-03.pdf
household,1,National Investment Bank Limited,27.9,8.83,36.73,42.2,2025-03-31,2.25,2,indicative; actual APR varies by borrower assessment,apr-2025-03.pdf
household,1,Stanbic Bank Ghana Limited,27.9,9.56,37.46,50.8,2025-03-31,4.1,2,indicative; actual APR varies by borrower assessment,apr-2025-03.pdf
household,1,CalBank PLC,27.9,0.0,,,2025-03-31,0,0,indicative; actual APR varies by borrower assessment,apr-2025-03.pdf
household,1,Prudential Bank Limited,27.9,0.0,,,2025-03-31,0,0,indicative; actual APR varies by borrower assessment,apr-2025-03.pdf
household,3,Guaranty Trust Bank (Ghana) Limited,27.9,0.0,20.0,21.6,2025-03-31,3.0,3,indicative; actual APR varies by borrower assessment,apr-2025-03.pdf
household,3,Societe General Ghana PLC,27.9,-4.97,22.93,23.17,2025-03-31,4.79,3,indicative; actual APR varies by borrower assessment,apr-2025-03.pdf
household,3,Fidelity Bank Ghana Limited,27.9,-7.27,20.63,24.3,2025-03-31,3.68,2,indicative; actual APR varies by borrower assessment,apr-2025-03.pdf
household,3,GCB Bank Limited,27.9,-4.5,23.4,24.67,2025-03-31,3.8,3,indicative; actual APR varies by borrower assessment,apr-2025-03.pdf
household,3,Bank of Africa Ghana Limited,27.9,-8.78,19.12,25.04,2025-03-31,5.08,3,indicative; actual APR varies by borrower assessment,apr-2025-03.pdf
household,3,Republic Bank (Ghana) PLC,27.9,-3.91,23.99,25.57,2025-03-31,3.0,3,indicative; actual APR varies by borrower assessment,apr-2025-03.pdf
household,3,Standard Chartered Bank (Ghana) Limited,27.9,-2.88,25.02,26.43,2025-03-31,0.03,1,indicative; actual APR varies by borrower assessment,apr-2025-03.pdf
household,3,Zenith Bank (Ghana) Limited,27.9,-2.9,25.0,26.56,2025-03-31,2.5,3,indicative; actual APR varies by borrower assessment,apr-2025-03.pdf
household,3,Absa Bank Ghana Limited,27.9,-2.52,25.38,28.58,2025-03-31,2.81,2,indicative; actual APR varies by borrower assessment,apr-2025-03.pdf
household,3,Consolidated Bank Ghana Limited,27.9,0.1,28.0,29.8,2025-03-31,3.0,2,indicative; actual APR varies by borrower assessment,apr-2025-03.pdf
household,3,Access Bank Ghana Plc,27.9,3.0,30.9,30.91,2025-03-31,3.0,3,indicative; actual APR varies by borrower assessment,apr-2025-03.pdf
household,3,Agricultural Development Bank Limited,27.9,3.97,31.87,33.56,2025-03-31,3.0,3,indicative; actual APR varies by borrower assessment,apr-2025-03.pdf
household,3,FBNBank (Ghana) Limited,27.9,4.06,31.96,33.7,2025-03-31,3.5,3,indicative; actual APR varies by borrower assessment,apr-2025-03.pdf
household,3,Ecobank Ghana Limited,27.9,3.94,31.84,33.84,2025-03-31,3.2,4,indicative; actual APR varies by borrower assessment,apr-2025-03.pdf
household,3,OmniBSIC Bank Ghana Limited,27.9,3.21,31.11,34.09,2025-03-31,3.0,2,indicative; actual APR varies by borrower assessment,apr-2025-03.pdf
household,3,Prudential Bank Limited,27.9,4.5,32.4,36.1,2025-03-31,3.28,2,indicative; actual APR varies by borrower assessment,apr-2025-03.pdf
household,3,United Bank for Africa (Ghana) Limited,27.9,9.06,36.96,38.89,2025-03-31,4.0,2,indicative; actual APR varies by borrower assessment,apr-2025-03.pdf
household,3,Universal Merchant Bank Limited,27.9,9.1,37.0,39.27,2025-03-31,2.0,2,indicative; actual APR varies by borrower assessment,apr-2025-03.pdf
household,3,First Atlantic Bank Limited,27.9,8.41,36.31,39.63,2025-03-31,4.0,2,indicative; actual APR varies by borrower assessment,apr-2025-03.pdf
household,3,National Investment Bank Limited,27.9,8.83,36.73,39.81,2025-03-31,2.85,2,indicative; actual APR varies by borrower assessment,apr-2025-03.pdf
household,3,Stanbic Bank Ghana Limited,27.9,9.32,37.22,42.57,2025-03-31,4.1,2,indicative; actual APR varies by borrower assessment,apr-2025-03.pdf
household,3,CalBank PLC,27.9,0.0,,,2025-03-31,0,0,indicative; actual APR varies by borrower assessment,apr-2025-03.pdf
household,3,First National Bank (Ghana) Limited,27.9,0.0,,,2025-03-31,0,0,indicative; actual APR varies by borrower assessment,apr-2025-03.pdf
household,5,Guaranty Trust Bank (Ghana) Limited,27.9,-7.9,20.0,21.02,2025-03-31,3.0,3,indicative; actual APR varies by borrower assessment,apr-2025-03.pdf
household,5,Societe General Ghana PLC,27.9,-5.65,22.25,22.27,2025-03-31,4.17,3,indicative; actual APR varies by borrower assessment,apr-2025-03.pdf
household,5,Fidelity Bank Ghana Limited,27.9,-6.97,20.93,22.96,2025-03-31,8.3,4,indicative; actual APR varies by borrower assessment,apr-2025-03.pdf
household,5,Bank of Africa Ghana Limited,27.9,-6.99,20.91,23.75,2025-03-31,5.08,3,indicative; actual APR varies by borrower assessment,apr-2025-03.pdf
household,5,GCB Bank Limited,27.9,-4.5,23.4,24.16,2025-03-31,3.8,3,indicative; actual APR varies by borrower assessment,apr-2025-03.pdf
household,5,Republic Bank (Ghana) PLC,27.9,-3.91,23.99,24.85,2025-03-31,3.0,3,indicative; actual APR varies by borrower assessment,apr-2025-03.pdf
household,5,Standard Chartered Bank (Ghana) Limited,27.9,-2.88,25.02,26.43,2025-03-31,0.03,1,indicative; actual APR varies by borrower assessment,apr-2025-03.pdf
household,5,Absa Bank Ghana Limited,27.9,-3.82,24.08,27.04,2025-03-31,2.57,2,indicative; actual APR varies by borrower assessment,apr-2025-03.pdf
household,5,Consolidated Bank Ghana Limited,27.9,0.1,28.0,29.11,2025-03-31,3.0,2,indicative; actual APR varies by borrower assessment,apr-2025-03.pdf
household,5,Prudential Bank Limited,27.9,2.1,30.0,30.7,2025-03-31,2.08,2,indicative; actual APR varies by borrower assessment,apr-2025-03.pdf
household,5,Access Bank Ghana Plc,27.9,3.89,31.79,31.8,2025-03-31,3.0,3,indicative; actual APR varies by borrower assessment,apr-2025-03.pdf
household,5,Zenith Bank (Ghana) Limited,27.9,3.6,31.5,32.48,2025-03-31,2.5,3,indicative; actual APR varies by borrower assessment,apr-2025-03.pdf
household,5,United Bank for Africa (Ghana) Limited,27.9,4.01,31.91,32.97,2025-03-31,4.0,2,indicative; actual APR varies by borrower assessment,apr-2025-03.pdf
household,5,Ecobank Ghana Limited,27.9,3.81,31.71,33.71,2025-03-31,3.2,4,indicative; actual APR varies by borrower assessment,apr-2025-03.pdf
household,5,OmniBSIC Bank Ghana Limited,27.9,3.21,31.11,34.09,2025-03-31,3.0,2,indicative; actual APR varies by borrower assessment,apr-2025-03.pdf
household,5,First National Bank (Ghana) Limited,27.9,4.0,31.9,34.15,2025-03-31,4.0,2,indicative; actual APR varies by borrower assessment,apr-2025-03.pdf
household,5,Agricultural Development Bank Limited,27.9,3.49,31.39,34.43,2025-03-31,3.0,3,indicative; actual APR varies by borrower assessment,apr-2025-03.pdf
household,5,First Atlantic Bank Limited,27.9,8.62,36.52,38.53,2025-03-31,3.5,2,indicative; actual APR varies by borrower assessment,apr-2025-03.pdf
household,5,Stanbic Bank Ghana Limited,27.9,9.16,37.06,39.32,2025-03-31,4.1,2,indicative; actual APR varies by borrower assessment,apr-2025-03.pdf
household,5,National Investment Bank Limited,27.9,8.83,36.73,40.1,2025-03-31,3.75,2,indicative; actual APR varies by borrower assessment,apr-2025-03.pdf
household,5,CalBank PLC,27.9,0.0,,,2025-03-31,0,0,indicative; actual APR varies by borrower assessment,apr-2025-03.pdf
household,5,FBNBank (Ghana) Limited,27.9,0.0,,,2025-03-31,0,0,indicative; actual APR varies by borrower assessment,apr-2025-03.pdf
household,5,Universal Merchant Bank Limited,27.9,0.0,,,2025-03-31,0,0,indicative; actual APR varies by borrower assessment,apr-2025-03.pdf
sme,1,Absa Bank Ghana Limited,27.9,-9.99,17.91,20.13,2025-03-31,2.0,2,indicative; actual APR varies by borrower assessment,apr-2025-03.pdf
sme,1,First Atlantic Bank Limited,27.9,-2.57,25.33,31.34,2025-03-31,3.0,2,indicative; actual APR varies by borrower assessment,apr-2025-03.pdf
sme,1,Access Bank Ghana Plc,27.9,3.47,31.37,31.41,2025-03-31,3.5,2,indicative; actual APR varies by borrower assessment,apr-2025-03.pdf
sme,1,Standard Chartered Bank (Ghana) Limited,27.9,-2.88,25.02,33.26,2025-03-31,0.03,1,indicative; actual APR varies by borrower assessment,apr-2025-03.pdf
sme,1,Ecobank Ghana Limited,27.9,3.63,31.53,33.28,2025-03-31,3.2,4,indicative; actual APR varies by borrower assessment,apr-2025-03.pdf
sme,1,Universal Merchant Bank Limited,27.9,3.28,31.18,33.5,2025-03-31,1.5,2,indicative; actual APR varies by borrower assessment,apr-2025-03.pdf
sme,1,OmniBSIC Bank Ghana Limited,27.9,3.21,31.11,34.09,2025-03-31,4.0,2,indicative; actual APR varies by borrower assessment,apr-2025-03.pdf
sme,1,CalBank PLC,27.9,3.98,31.88,34.52,2025-03-31,2.0,2,indicative; actual APR varies by borrower assessment,apr-2025-03.pdf
sme,1,GCB Bank Limited,27.9,6.3,34.2,35.2,2025-03-31,1.0,1,indicative; actual APR varies by borrower assessment,apr-2025-03.pdf
sme,1,Zenith Bank (Ghana) Limited,27.9,0.66,28.56,35.59,2025-03-31,5.0,3,indicative; actual APR varies by borrower assessment,apr-2025-03.pdf
sme,1,Republic Bank (Ghana) PLC,27.9,2.86,30.76,35.8,2025-03-31,3.0,2,indicative; actual APR varies by borrower assessment,apr-2025-03.pdf
sme,1,Bank of Africa Ghana Limited,27.9,0.51,28.41,36.79,2025-03-31,4.21,3,indicative; actual APR varies by borrower assessment,apr-2025-03.pdf
sme,1,FBNBank (Ghana) Limited,27.9,5.17,33.07,37.25,2025-03-31,2.5,2,indicative; actual APR varies by borrower assessment,apr-2025-03.pdf
sme,1,Societe General Ghana PLC,27.9,7.06,34.96,38.46,2025-03-31,3.5,2,indicative; actual APR varies by borrower assessment,apr-2025-03.pdf
sme,1,United Bank for Africa (Ghana) Limited,27.9,7.65,35.55,39.08,2025-03-31,3.0,1,indicative; actual APR varies by borrower assessment,apr-2025-03.pdf
sme,1,Consolidated Bank Ghana Limited,27.9,6.8,34.7,39.63,2025-03-31,2.4,2,indicative; actual APR varies by borrower assessment,apr-2025-03.pdf
sme,1,Prudential Bank Limited,27.9,9.45,37.35,41.07,2025-03-31,3.0,3,indicative; actual APR varies by borrower assessment,apr-2025-03.pdf
sme,1,First National Bank (Ghana) Limited,27.9,7.46,35.36,41.18,2025-03-31,2.5,1,indicative; actual APR varies by borrower assessment,apr-2025-03.pdf
sme,1,Agricultural Development Bank Limited,27.9,11.35,39.25,44.48,2025-03-31,3.0,2,indicative; actual APR varies by borrower assessment,apr-2025-03.pdf
sme,1,Guaranty Trust Bank (Ghana) Limited,27.9,7.18,35.08,45.26,2025-03-31,2.0,2,indicative; actual APR varies by borrower assessment,apr-2025-03.pdf
sme,1,Stanbic Bank Ghana Limited,27.9,9.08,36.98,46.01,2025-03-31,3.55,2,indicative; actual APR varies by borrower assessment,apr-2025-03.pdf
sme,1,Fidelity Bank Ghana Limited,27.9,7.98,35.88,46.94,2025-03-31,2.0,1,indicative; actual APR varies by borrower assessment,apr-2025-03.pdf
sme,1,National Investment Bank Limited,27.9,0.0,,,2025-03-31,0,0,indicative; actual APR varies by borrower assessment,apr-2025-03.pdf
sme,3,First Atlantic Bank Limited,27.9,-7.9,20.0,21.95,2025-03-31,1.0,2,indicative; actual APR varies by borrower assessment,apr-2025-03.pdf
sme,3,Access Bank Ghana Plc,27.9,-0.76,27.14,27.15,2025-03-31,2.0,2,indicative; actual APR varies by borrower assessment,apr-2025-03.pdf
sme,3,Universal Merchant Bank Limited,27.9,-0.9,27.0,28.08,2025-03-31,1.0,2,indicative; actual APR varies by borrower assessment,apr-2025-03.pdf
sme,3,Absa Bank Ghana Limited,27.9,-0.01,27.89,28.78,2025-03-31,2.0,2,indicative; actual APR varies by borrower assessment,apr-2025-03.pdf
sme,3,Republic Bank (Ghana) PLC,27.9,2.86,30.76,32.27,2025-03-31,3.0,2,indicative; actual APR varies by borrower assessment,apr-2025-03.pdf
sme,3,Zenith Bank (Ghana) Limited,27.9,4.02,31.92,32.9,2025-03-31,2.5,3,indicative; actual APR varies by borrower assessment,apr-2025-03.pdf
sme,3,United Bank for Africa (Ghana) Limited,27.9,4.34,32.24,33.24,2025-03-31,2.0,1,indicative; actual APR varies by borrower assessment,apr-2025-03.pdf
sme,3,Standard Chartered Bank (Ghana) Limited,27.9,-2.88,25.02,33.26,2025-03-31,0.03,1,indicative; actual APR varies by borrower assessment,apr-2025-03.pdf
sme,3,Ecobank Ghana Limited,27.9,3.87,31.77,33.52,2025-03-31,3.2,4,indicative; actual APR varies by borrower assessment,apr-2025-03.pdf
sme,3,OmniBSIC Bank Ghana Limited,27.9,3.21,31.11,34.09,2025-03-31,4.0,2,indicative; actual APR varies by borrower assessment,apr-2025-03.pdf
sme,3,GCB Bank Limited,27.9,6.3,34.2,34.53,2025-03-31,1.0,1,indicative; actual APR varies by borrower assessment,apr-2025-03.pdf
sme,3,Consolidated Bank Ghana Limited,27.9,3.2,31.1,34.75,2025-03-31,2.4,2,indicative; actual APR varies by borrower assessment,apr-2025-03.pdf
sme,3,FBNBank (Ghana) Limited,27.9,7.5,35.4,36.62,2025-03-31,2.5,2,indicative; actual APR varies by borrower assessment,apr-2025-03.pdf
sme,3,Stanbic Bank Ghana Limited,27.9,7.06,34.96,39.38,2025-03-31,3.5,2,indicative; actual APR varies by borrower assessment,apr-2025-03.pdf
sme,3,Prudential Bank Limited,27.9,7.2,35.1,39.67,2025-03-31,3.0,2,indicative; actual APR varies by borrower assessment,apr-2025-03.pdf
sme,3,Agricultural Development Bank Limited,27.9,13.41,41.31,42.94,2025-03-31,3.0,2,indicative; actual APR varies by borrower assessment,apr-2025-03.pdf
sme,3,Fidelity Bank Ghana Limited,27.9,9.06,36.96,43.25,2025-03-31,2.0,1,indicative; actual APR varies by borrower assessment,apr-2025-03.pdf
sme,3,CalBank PLC,27.9,0.0,,,2025-03-31,0,0,indicative; actual APR varies by borrower assessment,apr-2025-03.pdf
sme,3,Bank of Africa Ghana Limited,27.9,0.0,,,2025-03-31,0,0,indicative; actual APR varies by borrower assessment,apr-2025-03.pdf
sme,3,National Investment Bank Limited,27.9,0.0,,,2025-03-31,0,0,indicative; actual APR varies by borrower assessment,apr-2025-03.pdf
sme,3,Guaranty Trust Bank (Ghana) Limited,27.9,0.0,,,2025-03-31,0,0,indicative; actual APR varies by borrower assessment,apr-2025-03.pdf
sme,3,First National Bank (Ghana) Limited,27.9,0.0,,,2025-03-31,0,0,indicative; actual APR varies by borrower assessment,apr-2025-03.pdf
sme,3,Societe General Ghana PLC,27.9,0.0,,,2025-03-31,0,0,indicative; actual APR varies by borrower assessment,apr-2025-03.pdf
sme,5,Bank of Africa Ghana Limited,27.9,-6.9,21.0,23.37,2025-03-31,4.21,3,indicative; actual APR varies by borrower assessment,apr-2025-03.pdf
sme,5,Fidelity Bank Ghana Limited,27.9,-3.37,24.53,26.35,2025-03-31,2.0,1,indicative; actual APR varies by borrower assessment,apr-2025-03.pdf
sme,5,Access Bank Ghana Plc,27.9,2.93,30.83,30.84,2025-03-31,2.0,2,indicative; actual APR varies by borrower assessment,apr-2025-03.pdf
sme,5,Republic Bank (Ghana) PLC,27.9,2.86,30.76,31.57,2025-03-31,3.0,2,indicative; actual APR varies by borrower assessment,apr-2025-03.pdf
sme,5,Zenith Bank (Ghana) Limited,27.9,3.41,31.31,32.67,2025-03-31,3.5,4,indicative; actual APR varies by borrower assessment,apr-2025-03.pdf
sme,5,Standard Chartered Bank (Ghana) Limited,27.9,-2.88,25.02,33.26,2025-03-31,0.03,1,indicative; actual APR varies by borrower assessment,apr-2025-03.pdf
sme,5,Ecobank Ghana Limited,27.9,3.89,31.79,33.54,2025-03-31,3.2,4,indicative; actual APR varies by borrower assessment,apr-2025-03.pdf
sme,5,OmniBSIC Bank Ghana Limited,27.9,3.21,31.11,34.09,2025-03-31,4.0,2,indicative; actual APR varies by borrower assessment,apr-2025-03.pdf
sme,5,United Bank for Africa (Ghana) Limited,27.9,7.87,35.77,36.29,2025-03-31,2.0,1,indicative; actual APR varies by borrower assessment,apr-2025-03.pdf
sme,5,Stanbic Bank Ghana Limited,27.9,7.41,35.31,37.3,2025-03-31,3.5,2,indicative; actual APR varies by borrower assessment,apr-2025-03.pdf
sme,5,Agricultural Development Bank Limited,27.9,14.06,41.96,45.92,2025-03-31,3.0,2,indicative; actual APR varies by borrower assessment,apr-2025-03.pdf
sme,5,CalBank PLC,27.9,0.0,,,2025-03-31,0,0,indicative; actual APR varies by borrower assessment,apr-2025-03.pdf
sme,5,GCB Bank Limited,27.9,0.0,,,2025-03-31,0,0,indicative; actual APR varies by borrower assessment,apr-2025-03.pdf
sme,5,FBNBank (Ghana) Limited,27.9,0.0,,,2025-03-31,0,0,indicative; actual APR varies by borrower assessment,apr-2025-03.pdf
sme,5,National Investment Bank Limited,27.9,0.0,,,2025-03-31,0,0,indicative; actual APR varies by borrower assessment,apr-2025-03.pdf
sme,5,First Atlantic Bank Limited,27.9,0.0,,,2025-03-31,0,0,indicative; actual APR varies by borrower assessment,apr-2025-03.pdf
sme,5,Guaranty Trust Bank (Ghana) Limited,27.9,0.0,,,2025-03-31,0,0,indicative; actual APR varies by borrower assessment,apr-2025-03.pdf
sme,5,First National Bank (Ghana) Limited,27.9,0.0,,,2025-03-31,0,0,indicative; actual APR varies by borrower assessment,apr-2025-03.pdf
sme,5,Absa Bank Ghana Limited,27.9,0.0,,,2025-03-31,0,0,indicative; actual APR varies by borrower assessment,apr-2025-03.pdf
sme,5,Universal Merchant Bank Limited,27.9,0.0,,,2025-03-31,0,0,indicative; actual APR varies by borrower assessment,apr-2025-03.pdf
sme,5,Prudential Bank Limited,27.9,0.0,,,2025-03-31,0,0,indicative; actual APR varies by borrower assessment,apr-2025-03.pdf
sme,5,Consolidated Bank Ghana Limited,27.9,0.0,,,2025-03-31,0,0,indicative; actual APR varies by borrower assessment,apr-2025-03.pdf
sme,5,Societe General Ghana PLC,27.9,0.0,,,2025-03-31,0,0,indicative; actual APR varies by borrower assessment,apr-2025-03.pdf
corporate,1,Absa Bank Ghana Limited,27.9,-1.99,25.91,26.26,2025-03-31,1.0,1,indicative; actual APR varies by borrower assessment,apr-2025-03.pdf
corporate,1,Societe General Ghana PLC,27.9,-0.88,27.02,28.02,2025-03-31,1.0,2,indicative; actual APR varies by borrower assessment,apr-2025-03.pdf
corporate,1,Standard Chartered Bank (Ghana) Limited,27.9,-2.88,25.02,30.1,2025-03-31,0.03,1,indicative; actual APR varies by borrower assessment,apr-2025-03.pdf
corporate,1,Fidelity Bank Ghana Limited,27.9,2.82,30.72,31.22,2025-03-31,1.0,1,indicative; actual APR varies by borrower assessment,apr-2025-03.pdf
corporate,1,Ecobank Ghana Limited,27.9,2.35,30.25,31.25,2025-03-31,3.2,4,indicative; actual APR varies by borrower assessment,apr-2025-03.pdf
corporate,1,GCB Bank Limited,27.9,2.4,30.3,31.3,2025-03-31,1.0,1,indicative; actual APR varies by borrower assessment,apr-2025-03.pdf
corporate,1,Zenith Bank (Ghana) Limited,27.9,1.47,29.37,31.76,2025-03-31,5.0,3,indicative; actual APR varies by borrower assessment,apr-2025-03.pdf
corporate,1,Access Bank Ghana Plc,27.9,4.56,32.46,32.47,2025-03-31,1.0,2,indicative; actual APR varies by borrower assessment,apr-2025-03.pdf
corporate,1,First Atlantic Bank Limited,27.9,3.0,30.9,32.9,2025-03-31,1.0,2,indicative; actual APR varies by borrower assessment,apr-2025-03.pdf
corporate,1,First National Bank (Ghana) Limited,27.9,2.35,30.25,33.97,2025-03-31,0,0,indicative; actual APR varies by borrower assessment,apr-2025-03.pdf
corporate,1,OmniBSIC Bank Ghana Limited,27.9,3.21,31.11,34.09,2025-03-31,4.0,2,indicative; actual APR varies by borrower assessment,apr-2025-03.pdf
corporate,1,CalBank PLC,27.9,5.13,33.03,34.21,2025-03-31,2.0,2,indicative; actual APR varies by borrower assessment,apr-2025-03.pdf
corporate,1,FBNBank (Ghana) Limited,27.9,2.33,30.23,34.44,2025-03-31,2.5,2,indicative; actual APR varies by borrower assessment,apr-2025-03.pdf
corporate,1,Prudential Bank Limited,27.9,5.5,33.4,35.4,2025-03-31,2.5,2,indicative; actual APR varies by borrower assessment,apr-2025-03.pdf
corporate,1,Stanbic Bank Ghana Limited,27.9,2.3,30.2,35.49,2025-03-31,1.0,1,indicative; actual APR varies by borrower assessment,apr-2025-03.pdf
corporate,1,Republic Bank (Ghana) PLC,27.9,4.66,32.56,35.91,2025-03-31,2.0,2,indicative; actual APR varies by borrower assessment,apr-2025-03.pdf
corporate,1,Universal Merchant Bank Limited,27.9,6.1,34.0,36.02,2025-03-31,1.0,2,indicative; actual APR varies by borrower assessment,apr-2025-03.pdf
corporate,1,Guaranty Trust Bank (Ghana) Limited,27.9,7.32,35.22,37.32,2025-03-31,2.0,2,indicative; actual APR varies by borrower assessment,apr-2025-03.pdf
corporate,1,United Bank for Africa (Ghana) Limited,27.9,6.29,34.19,37.53,2025-03-31,1.0,2,indicative; actual APR varies by borrower assessment,apr-2025-03.pdf
corporate,1,Agricultural Development Bank Limited,27.9,10.89,38.79,44.02,2025-03-31,3.0,3,indicative; actual APR varies by borrower assessment,apr-2025-03.pdf
corporate,1,Bank of Africa Ghana Limited,27.9,0.0,,,2025-03-31,0,0,indicative; actual APR varies by borrower assessment,apr-2025-03.pdf
corporate,1,National Investment Bank Limited,27.9,0.0,,,2025-03-31,0,0,indicative; actual APR varies by borrower assessment,apr-2025-03.pdf
corporate,1,Consolidated Bank Ghana Limited,27.9,0.0,,,2025-03-31,0,0,indicative; actual APR varies by borrower assessment,apr-2025-03.pdf
corporate,3,Societe General Ghana PLC,27.9,-2.23,25.67,26.67,2025-03-31,1.0,2,indicative; actual APR varies by borrower assessment,apr-2025-03.pdf
corporate,3,GCB Bank Limited,27.9,2.4,30.3,30.63,2025-03-31,1.0,1,indicative; actual APR varies by borrower assessment,apr-2025-03.pdf
corporate,3,FBNBank (Ghana) Limited,27.9,1.5,29.4,30.67,2025-03-31,2.5,2,indicative; actual APR varies by borrower assessment,apr-2025-03.pdf
corporate,3,Standard Chartered Bank (Ghana) Limited,27.9,-2.88,25.02,30.79,2025-03-31,0.03,1,indicative; actual APR varies by borrower assessment,apr-2025-03.pdf
corporate,3,Ecobank Ghana Limited,27.9,2.49,30.39,31.39,2025-03-31,3.2,4,indicative; actual APR varies by borrower assessment,apr-2025-03.pdf
corporate,3,Access Bank Ghana Plc,27.9,4.1,32.0,32.0,2025-03-31,1.0,2,indicative; actual APR varies by borrower assessment,apr-2025-03.pdf
corporate,3,Fidelity Bank Ghana Limited,27.9,4.41,32.31,33.1,2025-03-31,1.0,1,indicative; actual APR varies by borrower assessment,apr-2025-03.pdf
corporate,3,Republic Bank (Ghana) PLC,27.9,4.66,32.56,33.55,2025-03-31,2.0,2,indicative; actual APR varies by borrower assessment,apr-2025-03.pdf
corporate,3,United Bank for Africa (Ghana) Limited,27.9,1.94,29.84,33.57,2025-03-31,1.0,1,indicative; actual APR varies by borrower assessment,apr-2025-03.pdf
corporate,3,OmniBSIC Bank Ghana Limited,27.9,3.21,31.11,34.09,2025-03-31,4.0,2,indicative; actual APR varies by borrower assessment,apr-2025-03.pdf
corporate,3,Zenith Bank (Ghana) Limited,27.9,4.82,32.72,34.21,2025-03-31,2.5,3,indicative; actual APR varies by borrower assessment,apr-2025-03.pdf
corporate,3,Consolidated Bank Ghana Limited,27.9,4.82,32.72,34.43,2025-03-31,3.0,2,indicative; actual APR varies by borrower assessment,apr-2025-03.pdf
corporate,3,Stanbic Bank Ghana Limited,27.9,5.76,33.66,37.05,2025-03-31,1.5,1,indicative; actual APR varies by borrower assessment,apr-2025-03.pdf
corporate,3,Agricultural Development Bank Limited,27.9,0.0,37.96,41.89,2025-03-31,2.25,3,indicative; actual APR varies by borrower assessment,apr-2025-03.pdf
corporate,3,CalBank PLC,27.9,0.0,,,2025-03-31,0,0,indicative; actual APR varies by borrower assessment,apr-2025-03.pdf
corporate,3,Bank of Africa Ghana Limited,27.9,0.0,,,2025-03-31,0,0,indicative; actual APR varies by borrower assessment,apr-2025-03.pdf
corporate,3,National Investment Bank Limited,27.9,0.0,,,2025-03-31,0,0,indicative; actual APR varies by borrower assessment,apr-2025-03.pdf
corporate,3,First Atlantic Bank Limited,27.9,0.0,,,2025-03-31,0,0,indicative; actual APR varies by borrower assessment,apr-2025-03.pdf
corporate,3,Guaranty Trust Bank (Ghana) Limited,27.9,0.0,,,2025-03-31,0,0,indicative; actual APR varies by borrower assessment,apr-2025-03.pdf
corporate,3,First National Bank (Ghana) Limited,27.9,0.0,,,2025-03-31,0,0,indicative; actual APR varies by borrower assessment,apr-2025-03.pdf
corporate,3,Absa Bank Ghana Limited,27.9,0.0,,,2025-03-31,0,0,indicative; actual APR varies by borrower assessment,apr-2025-03.pdf
corporate,3,Universal Merchant Bank Limited,27.9,0.0,,,2025-03-31,0,0,indicative; actual APR varies by borrower assessment,apr-2025-03.pdf
corporate,3,Prudential Bank Limited,27.9,0.0,,,2025-03-31,0,0,indicative; actual APR varies by borrower assessment,apr-2025-03.pdf
corporate,5,Bank of Africa Ghana Limited,27.9,-6.9,21.0,22.69,2025-03-31,3.0,2,indicative; actual APR varies by borrower assessment,apr-2025-03.pdf
corporate,5,Zenith Bank (Ghana) Limited,27.9,0.27,28.17,29.29,2025-03-31,4.0,3,indicative; actual APR varies by borrower assessment,apr-2025-03.pdf
corporate,5,GCB Bank Limited,27.9,2.4,30.3,30.5,2025-03-31,1.0,1,indicative; actual APR varies by borrower assessment,apr-2025-03.pdf
corporate,5,Access Bank Ghana Plc,27.9,2.72,30.62,30.62,2025-03-31,1.0,2,indicative; actual APR varies by borrower assessment,apr-2025-03.pdf
corporate,5,Standard Chartered Bank (Ghana) Limited,27.9,-2.88,25.02,30.79,2025-03-31,0.03,1,indicative; actual APR varies by borrower assessment,apr-2025-03.pdf
corporate,5,FBNBank (Ghana) Limited,27.9,3.0,30.9,31.57,2025-03-31,2.5,2,indicative; actual APR varies by borrower assessment,apr-2025-03.pdf
corporate,5,Ecobank Ghana Limited,27.9,2.78,30.68,31.68,2025-03-31,3.2,4,indicative; actual APR varies by borrower assessment,apr-2025-03.pdf
corporate,5,Societe General Ghana PLC,27.9,3.94,31.84,32.84,2025-03-31,1.0,2,indicative; actual APR varies by borrower assessment,apr-2025-03.pdf
corporate,5,Republic Bank (Ghana) PLC,27.9,4.66,32.56,33.09,2025-03-31,2.0,2,indicative; actual APR varies by borrower assessment,apr-2025-03.pdf
corporate,5,OmniBSIC Bank Ghana Limited,27.9,3.21,31.11,34.09,2025-03-31,4.0,2,indicative; actual APR varies by borrower assessment,apr-2025-03.pdf
corporate,5,United Bank for Africa (Ghana) Limited,27.9,7.1,35.0,35.52,2025-03-31,2.0,1,indicative; actual APR varies by borrower assessment,apr-2025-03.pdf
corporate,5,Fidelity Bank Ghana Limited,27.9,6.55,34.45,37.32,2025-03-31,1.0,1,indicative; actual APR varies by borrower assessment,apr-2025-03.pdf
corporate,5,Stanbic Bank Ghana Limited,27.9,6.76,34.66,37.48,2025-03-31,1.5,1,indicative; actual APR varies by borrower assessment,apr-2025-03.pdf
corporate,5,Agricultural Development Bank Limited,27.9,13.41,41.31,45.07,2025-03-31,2.25,3,indicative; actual APR varies by borrower assessment,apr-2025-03.pdf
corporate,5,CalBank PLC,27.9,0.0,,,2025-03-31,0,0,indicative; actual APR varies by borrower assessment,apr-2025-03.pdf
corporate,5,National Investment Bank Limited,27.9,0.0,,,2025-03-31,0,0,indicative; actual APR varies by borrower assessment,apr-2025-03.pdf
corporate,5,First Atlantic Bank Limited,27.9,0.0,,,2025-03-31,0,0,indicative; actual APR varies by borrower assessment,apr-2025-03.pdf
corporate,5,Guaranty Trust Bank (Ghana) Limited,27.9,0.0,,,2025-03-31,0,0,indicative; actual APR varies by borrower assessment,apr-2025-03.pdf
corporate,5,First National Bank (Ghana) Limited,27.9,0.0,,,2025-03-31,0,0,indicative; actual APR varies by borrower assessment,apr-2025-03.pdf
corporate,5,Absa Bank Ghana Limited,27.9,0.0,,,2025-03-31,0,0,indicative; actual APR varies by borrower assessment,apr-2025-03.pdf
corporate,5,Universal Merchant Bank Limited,27.9,0.0,,,2025-03-31,0,0,indicative; actual APR varies by borrower assessment,apr-2025-03.pdf
corporate,5,Prudential Bank Limited,27.9,0.0,,,2025-03-31,0,0,indicative; actual APR varies by borrower assessment,apr-2025-03.pdf
corporate,5,Consolidated Bank Ghana Limited,27.9,0.0,,,2025-03-31,0,0,indicative; actual APR varies by borrower assessment,apr-2025-03.pdf
household,1,Bank of Africa Ghana Limited,23.8,-13.8,10.0,20.22,2025-06-30,5.08,3,indicative; actual APR varies by borrower assessment,apr-2025-06.pdf
household,1,Guaranty Trust Bank (Ghana) Limited,23.8,-3.8,20.0,23.72,2025-06-30,3.0,3,indicative; actual APR varies by borrower assessment,apr-2025-06.pdf
household,1,First Atlantic Bank Limited,23.8,-1.55,22.25,24.21,2025-06-30,1.0,2,indicative; actual APR varies by borrower assessment,apr-2025-06.pdf
household,1,Republic Bank (Ghana) PLC,23.8,-4.0,19.8,24.99,2025-06-30,3.0,3,indicative; actual APR varies by borrower assessment,apr-2025-06.pdf
household,1,GCB Bank Limited,23.8,-0.9,22.9,26.7,2025-06-30,3.8,3,indicative; actual APR varies by borrower assessment,apr-2025-06.pdf
household,1,United Bank for Africa (Ghana) Limited,23.8,-5.8,18.0,26.95,2025-06-30,3.68,2,indicative; actual APR varies by borrower assessment,apr-2025-06.pdf
household,1,Access Bank Ghana Plc,23.8,4.2,28.0,28.03,2025-06-30,3.0,3,indicative; actual APR varies by borrower assessment,apr-2025-06.pdf
household,1,CalBank PLC,23.8,2.0,25.8,28.2,2025-06-30,2.4,2,indicative; actual APR varies by borrower assessment,apr-2025-06.pdf
household,1,Absa Bank Ghana Limited,23.8,2.16,25.96,29.34,2025-06-30,3.03,2,indicative; actual APR varies by borrower assessment,apr-2025-06.pdf
household,1,Societe General Ghana PLC,23.8,0.37,24.17,31.15,2025-06-30,5.1,3,indicative; actual APR varies by borrower assessment,apr-2025-06.pdf
household,1,National Investment Bank Limited,23.8,6.47,30.27,31.28,2025-06-30,2.25,2,indicative; actual APR varies by borrower assessment,apr-2025-06.pdf
household,1,FBNBank (Ghana) Limited,23.8,2.76,26.56,32.5,2025-06-30,3.5,3,indicative; actual APR varies by borrower assessment,apr-2025-06.pdf
household,1,First National Bank (Ghana) Limited,23.8,6.0,29.8,32.64,2025-06-30,1.5,1,indicative; actual APR varies by borrower assessment,apr-2025-06.pdf
household,1,Ecobank Ghana Limited,23.8,8.6,32.4,33.25,2025-06-30,3.2,4,indicative; actual APR varies by borrower assessment,apr-2025-06.pdf
household,1,Zenith Bank (Ghana) Limited,23.8,5.44,29.24,34.14,2025-06-30,5.0,4,indicative; actual APR varies by borrower assessment,apr-2025-06.pdf
household,1,Universal Merchant Bank Limited,23.8,2.67,26.47,34.53,2025-06-30,2.0,2,indicative; actual APR varies by borrower assessment,apr-2025-06.pdf
household,1,Stanbic Bank Ghana Limited,23.8,6.19,29.99,35.17,2025-06-30,4.1,2,indicative; actual APR varies by borrower assessment,apr-2025-06.pdf
household,1,Fidelity Bank Ghana Limited,23.8,-1.3,22.5,35.88,2025-06-30,3.68,2,indicative; actual APR varies by borrower assessment,apr-2025-06.pdf
household,1,Agricultural Development Bank Limited,23.8,8.87,32.67,37.95,2025-06-30,3.0,3,indicative; actual APR varies by borrower assessment,apr-2025-06.pdf
household,1,Consolidated Bank Ghana Limited,23.8,7.49,31.29,38.1,2025-06-30,3.0,2,indicative; actual APR varies by borrower assessment,apr-2025-06.pdf
household,1,Prudential Bank Limited,23.8,4.0,27.8,42.24,2025-06-30,3.5,3,indicative; actual APR varies by borrower assessment,apr-2025-06.pdf
household,1,OmniBSIC Bank Ghana Limited,23.8,,,,2025-06-30,0,0,indicative; actual APR varies by borrower assessment,apr-2025-06.pdf
household,1,Standard Chartered Bank (Ghana) Limited,23.8,,,,2025-06-30,0,0,indicative; actual APR varies by borrower assessment,apr-2025-06.pdf
household,3,Republic Bank (Ghana) PLC,23.8,-4.0,19.8,21.43,2025-06-30,3.0,3,indicative; actual APR varies by borrower assessment,apr-2025-06.pdf
household,3,Guaranty Trust Bank (Ghana) Limited,23.8,-3.8,20.0,21.94,2025-06-30,3.0,3,indicative; actual APR varies by borrower assessment,apr-2025-06.pdf
household,3,Standard Chartered Bank (Ghana) Limited,23.8,-1.04,22.76,22.75,2025-06-30,2.5,1,indicative; actual APR varies by borrower assessment,apr-2025-06.pdf
household,3,Fidelity Bank Ghana Limited,23.8,-3.7,20.1,23.73,2025-06-30,3.68,2,indicative; actual APR varies by borrower assessment,apr-2025-06.pdf
household,3,GCB Bank Limited,23.8,-0.9,22.9,24.17,2025-06-30,3.8,3,indicative; actual APR varies by borrower assessment,apr-2025-06.pdf
household,3,Bank of Africa Ghana Limited,23.8,-4.8,19.0,24.48,2025-06-30,5.08,3,indicative; actual APR varies by borrower assessment,apr-2025-06.pdf
household,3,Societe General Ghana PLC,23.8,-1.48,22.32,24.54,2025-06-30,4.86,3,indicative; actual APR varies by borrower assessment,apr-2025-06.pdf
household,3,Absa Bank Ghana Limited,23.8,0.65,24.45,27.42,2025-06-30,2.64,2,indicative; actual APR varies by borrower assessment,apr-2025-06.pdf
household,3,FBNBank (Ghana) Limited,23.8,2.19,25.99,27.8,2025-06-30,3.5,3,indicative; actual APR varies by borrower assessment,apr-2025-06.pdf
household,3,Access Bank Ghana Plc,23.8,4.27,28.07,28.08,2025-06-30,3.0,3,indicative; actual APR varies by borrower assessment,apr-2025-06.pdf
household,3,Agricultural Development Bank Limited,23.8,3.21,27.01,28.73,2025-06-30,3.0,3,indicative; actual APR varies by borrower assessment,apr-2025-06.pdf
household,3,Consolidated Bank Ghana Limited,23.8,4.07,27.87,29.8,2025-06-30,3.0,2,indicative; actual APR varies by borrower assessment,apr-2025-06.pdf
household,3,Prudential Bank Limited,23.8,5.97,29.77,32.34,2025-06-30,3.42,3,indicative; actual APR varies by borrower assessment,apr-2025-06.pdf
household,3,Stanbic Bank Ghana Limited,23.8,6.72,30.52,32.68,2025-06-30,4.1,2,indicative; actual APR varies by borrower assessment,apr-2025-06.pdf
household,3,Zenith Bank (Ghana) Limited,23.8,7.7,31.5,33.66,2025-06-30,3.5,3,indicative; actual APR varies by borrower assessment,apr-2025-06.pdf
household,3,Ecobank Ghana Limited,23.8,9.49,33.29,33.67,2025-06-30,3.2,4,indicative; actual APR varies by borrower assessment,apr-2025-06.pdf
household,3,National Investment Bank Limited,23.8,6.47,30.27,35.42,2025-06-30,2.85,2,indicative; actual APR varies by borrower assessment,apr-2025-06.pdf
household,3,First National Bank (Ghana) Limited,23.8,9.53,33.33,37.79,2025-06-30,4.9,2,indicative; actual APR varies by borrower assessment,apr-2025-06.pdf
household,3,United Bank for Africa (Ghana) Limited,23.8,13.16,36.96,38.89,2025-06-30,4.0,2,indicative; actual APR varies by borrower assessment,apr-2025-06.pdf
household,3,Universal Merchant Bank Limited,23.8,13.2,37.0,39.27,2025-06-30,2.0,2,indicative; actual APR varies by borrower assessment,apr-2025-06.pdf
household,3,First Atlantic Bank Limited,23.8,12.51,36.31,39.63,2025-06-30,4.0,2,indicative; actual APR varies by borrower assessment,apr-2025-06.pdf
household,3,CalBank PLC,23.8,,,,2025-06-30,0,0,indicative; actual APR varies by borrower assessment,apr-2025-06.pdf
household,3,OmniBSIC Bank Ghana Limited,23.8,,,,2025-06-30,0,0,indicative; actual APR varies by borrower assessment,apr-2025-06.pdf
household,5,Republic Bank (Ghana) PLC,23.8,-4.0,19.8,20.7,2025-06-30,3.0,3,indicative; actual APR varies by borrower assessment,apr-2025-06.pdf
household,5,Guaranty Trust Bank (Ghana) Limited,23.8,-3.8,20.0,20.97,2025-06-30,3.0,3,indicative; actual APR varies by borrower assessment,apr-2025-06.pdf
household,5,Societe General Ghana PLC,23.8,-3.72,20.08,21.14,2025-06-30,4.04,3,indicative; actual APR varies by borrower assessment,apr-2025-06.pdf
household,5,Standard Chartered Bank (Ghana) Limited,23.8,-2.02,21.78,21.76,2025-06-30,2.5,1,indicative; actual APR varies by borrower assessment,apr-2025-06.pdf
household,5,Fidelity Bank Ghana Limited,23.8,-3.72,20.08,22.22,2025-06-30,5.68,3,indicative; actual APR varies by borrower assessment,apr-2025-06.pdf
household,5,GCB Bank Limited,23.8,-0.9,22.9,23.66,2025-06-30,3.8,3,indicative; actual APR varies by borrower assessment,apr-2025-06.pdf
household,5,Bank of Africa Ghana Limited,23.8,-2.87,20.93,23.74,2025-06-30,5.08,3,indicative; actual APR varies by borrower assessment,apr-2025-06.pdf
household,5,Access Bank Ghana Plc,23.8,3.17,26.97,26.98,2025-06-30,3.0,3,indicative; actual APR varies by borrower assessment,apr-2025-06.pdf
household,5,Absa Bank Ghana Limited,23.8,0.4,24.2,27.13,2025-06-30,2.67,2,indicative; actual APR varies by borrower assessment,apr-2025-06.pdf
household,5,Zenith Bank (Ghana) Limited,23.8,3.87,27.67,29.01,2025-06-30,4.0,3,indicative; actual APR varies by borrower assessment,apr-2025-06.pdf
household,5,Consolidated Bank Ghana Limited,23.8,4.2,28.0,29.05,2025-06-30,3.0,2,indicative; actual APR varies by borrower assessment,apr-2025-06.pdf
household,5,Agricultural Development Bank Limited,23.8,3.44,27.24,29.96,2025-06-30,3.0,3,indicative; actual APR varies by borrower assessment,apr-2025-06.pdf
household,5,First National Bank (Ghana) Limited,23.8,4.0,27.8,30.18,2025-06-30,4.0,2,indicative; actual APR varies by borrower assessment,apr-2025-06.pdf
household,5,National Investment Bank Limited,23.8,6.47,30.27,30.55,2025-06-30,3.75,2,indicative; actual APR varies by borrower assessment,apr-2025-06.pdf
household,5,Prudential Bank Limited,23.8,6.2,30.0,31.25,2025-06-30,2.25,2,indicative; actual APR varies by borrower assessment,apr-2025-06.pdf
household,5,Stanbic Bank Ghana Limited,23.8,7.0,30.8,31.67,2025-06-30,4.1,2,indicative; actual APR varies by borrower assessment,apr-2025-06.pdf
household,5,United Bank for Africa (Ghana) Limited,23.8,8.11,31.91,32.97,2025-06-30,4.0,2,indicative; actual APR varies by borrower assessment,apr-2025-06.pdf
household,5,Ecobank Ghana Limited,23.8,9.39,33.19,33.88,2025-06-30,3.2,4,indicative; actual APR varies by borrower assessment,apr-2025-06.pdf
household,5,First Atlantic Bank Limited,23.8,12.72,36.52,38.53,2025-06-30,3.5,2,indicative; actual APR varies by borrower assessment,apr-2025-06.pdf
household,5,CalBank PLC,23.8,,,,2025-06-30,0,0,indicative; actual APR varies by borrower assessment,apr-2025-06.pdf
household,5,FBNBank (Ghana) Limited,23.8,,,,2025-06-30,0,0,indicative; actual APR varies by borrower assessment,apr-2025-06.pdf
household,5,OmniBSIC Bank Ghana Limited,23.8,,,,2025-06-30,0,0,indicative; actual APR varies by borrower assessment,apr-2025-06.pdf
household,5,Universal Merchant Bank Limited,23.8,,,,2025-06-30,0,0,indicative; actual APR varies by borrower assessment,apr-2025-06.pdf
sme,1,Absa Bank Ghana Limited,23.8,-10.52,13.28,17.03,2025-06-30,2.0,2,indicative; actual APR varies by borrower assessment,apr-2025-06.pdf
sme,1,Universal Merchant Bank Limited,23.8,-4.2,19.6,25.99,2025-06-30,1.0,2,indicative; actual APR varies by borrower assessment,apr-2025-06.pdf
sme,1,CalBank PLC,23.8,2.73,26.53,27.64,2025-06-30,2.0,2,indicative; actual APR varies by borrower assessment,apr-2025-06.pdf
sme,1,Zenith Bank (Ghana) Limited,23.8,0.19,23.99,30.74,2025-06-30,5.5,3,indicative; actual APR varies by borrower assessment,apr-2025-06.pdf
sme,1,First Atlantic Bank Limited,23.8,2.73,26.53,30.84,2025-06-30,4.0,2,indicative; actual APR varies by borrower assessment,apr-2025-06.pdf
sme,1,OmniBSIC Bank Ghana Limited,23.8,10.25,34.05,30.93,2025-06-30,4.0,2,indicative; actual APR varies by borrower assessment,apr-2025-06.pdf
sme,1,Access Bank Ghana Plc,23.8,7.21,31.01,31.05,2025-06-30,3.5,2,indicative; actual APR varies by borrower assessment,apr-2025-06.pdf
sme,1,Societe General Ghana PLC,23.8,3.78,27.58,31.08,2025-06-30,3.5,2,indicative; actual APR varies by borrower assessment,apr-2025-06.pdf
sme,1,GCB Bank Limited,23.8,7.1,30.9,31.9,2025-06-30,1.0,1,indicative; actual APR varies by borrower assessment,apr-2025-06.pdf
sme,1,Republic Bank (Ghana) PLC,23.8,3.29,27.09,32.18,2025-06-30,3.0,2,indicative; actual APR varies by borrower assessment,apr-2025-06.pdf
sme,1,Prudential Bank Limited,23.8,5.25,29.05,32.7,2025-06-30,1.5,1,indicative; actual APR varies by borrower assessment,apr-2025-06.pdf
sme,1,Bank of Africa Ghana Limited,23.8,0.84,24.64,32.95,2025-06-30,4.21,3,indicative; actual APR varies by borrower assessment,apr-2025-06.pdf
sme,1,Ecobank Ghana Limited,23.8,9.22,33.02,35.02,2025-06-30,3.2,4,indicative; actual APR varies by borrower assessment,apr-2025-06.pdf
sme,1,FBNBank (Ghana) Limited,23.8,7.5,31.3,35.5,2025-06-30,2.5,2,indicative; actual APR varies by borrower assessment,apr-2025-06.pdf
sme,1,Stanbic Bank Ghana Limited,23.8,7.68,31.48,35.97,2025-06-30,3.55,2,indicative; actual APR varies by borrower assessment,apr-2025-06.pdf
sme,1,United Bank for Africa (Ghana) Limited,23.8,9.85,33.65,37.0,2025-06-30,3.0,1,indicative; actual APR varies by borrower assessment,apr-2025-06.pdf
sme,1,First National Bank (Ghana) Limited,23.8,8.58,32.38,37.65,2025-06-30,2.5,1,indicative; actual APR varies by borrower assessment,apr-2025-06.pdf
sme,1,Agricultural Development Bank Limited,23.8,10.19,33.99,39.26,2025-06-30,3.0,2,indicative; actual APR varies by borrower assessment,apr-2025-06.pdf
sme,1,Fidelity Bank Ghana Limited,23.8,11.42,35.22,44.54,2025-06-30,2.0,1,indicative; actual APR varies by borrower assessment,apr-2025-06.pdf
sme,1,Consolidated Bank Ghana Limited,23.8,11.66,35.46,45.13,2025-06-30,2.5,2,indicative; actual APR varies by borrower assessment,apr-2025-06.pdf
sme,1,Guaranty Trust Bank (Ghana) Limited,23.8,,,,2025-06-30,0,0,indicative; actual APR varies by borrower assessment,apr-2025-06.pdf
sme,1,Standard Chartered Bank (Ghana) Limited,23.8,,,,2025-06-30,0,0,indicative; actual APR varies by borrower assessment,apr-2025-06.pdf
sme,1,National Investment Bank Limited,23.8,,,,2025-06-30,0,0,indicative; actual APR varies by borrower assessment,apr-2025-06.pdf
sme,3,United Bank for Africa (Ghana) Limited,23.8,8.44,32.24,33.24,2025-06-30,2.0,1,indicative; actual APR varies by borrower assessment,apr-2025-06.pdf
sme,3,Fidelity Bank Ghana Limited,23.8,8.0,31.8,34.44,2025-06-30,2.0,1,indicative; actual APR varies by borrower assessment,apr-2025-06.pdf
sme,3,Republic Bank (Ghana) PLC,23.8,3.29,27.09,28.63,2025-06-30,3.0,2,indicative; actual APR varies by borrower assessment,apr-2025-06.pdf
sme,3,Bank of Africa Ghana Limited,23.8,3.32,27.12,30.96,2025-06-30,4.21,3,indicative; actual APR varies by borrower assessment,apr-2025-06.pdf
sme,3,Universal Merchant Bank Limited,23.8,6.2,30.0,31.09,2025-06-30,1.25,2,indicative; actual APR varies by borrower assessment,apr-2025-06.pdf
sme,3,GCB Bank Limited,23.8,7.1,30.9,31.23,2025-06-30,1.0,1,indicative; actual APR varies by borrower assessment,apr-2025-06.pdf
sme,3,Agricultural Development Bank Limited,23.8,5.92,29.72,31.43,2025-06-30,3.0,2,indicative; actual APR varies by borrower assessment,apr-2025-06.pdf
sme,3,Prudential Bank Limited,23.8,6.2,30.0,31.8,2025-06-30,2.38,2,indicative; actual APR varies by borrower assessment,apr-2025-06.pdf
sme,3,Consolidated Bank Ghana Limited,23.8,5.16,28.96,32.44,2025-06-30,2.5,2,indicative; actual APR varies by borrower assessment,apr-2025-06.pdf
sme,3,FBNBank (Ghana) Limited,23.8,7.69,31.49,32.74,2025-06-30,2.5,2,indicative; actual APR varies by borrower assessment,apr-2025-06.pdf
sme,3,Stanbic Bank Ghana Limited,23.8,8.19,31.99,33.16,2025-06-30,3.5,2,indicative; actual APR varies by borrower assessment,apr-2025-06.pdf
sme,3,Zenith Bank (Ghana) Limited,23.8,7.6,31.4,33.41,2025-06-30,3.25,3,indicative; actual APR varies by borrower assessment,apr-2025-06.pdf
sme,3,First Atlantic Bank Limited,23.8,8.19,31.99,35.22,2025-06-30,4.0,2,indicative; actual APR varies by borrower assessment,apr-2025-06.pdf
sme,3,Ecobank Ghana Limited,23.8,9.52,33.32,35.32,2025-06-30,3.2,4,indicative; actual APR varies by borrower assessment,apr-2025-06.pdf
sme,3,Access Bank Ghana Plc,23.8,11.62,35.42,35.43,2025-06-30,2.0,2,indicative; actual APR varies by borrower assessment,apr-2025-06.pdf
sme,3,Guaranty Trust Bank (Ghana) Limited,23.8,,,,2025-06-30,0,0,indicative; actual APR varies by borrower assessment,apr-2025-06.pdf
sme,3,CalBank PLC,23.8,,,,2025-06-30,0,0,indicative; actual APR varies by borrower assessment,apr-2025-06.pdf
sme,3,Standard Chartered Bank (Ghana) Limited,23.8,,,,2025-06-30,0,0,indicative; actual APR varies by borrower assessment,apr-2025-06.pdf
sme,3,National Investment Bank Limited,23.8,,,,2025-06-30,0,0,indicative; actual APR varies by borrower assessment,apr-2025-06.pdf
sme,3,First National Bank (Ghana) Limited,23.8,,,,2025-06-30,0,0,indicative; actual APR varies by borrower assessment,apr-2025-06.pdf
sme,3,Absa Bank Ghana Limited,23.8,,,,2025-06-30,0,0,indicative; actual APR varies by borrower assessment,apr-2025-06.pdf
sme,3,OmniBSIC Bank Ghana Limited,23.8,,,,2025-06-30,0,0,indicative; actual APR varies by borrower assessment,apr-2025-06.pdf
sme,3,Societe General Ghana PLC,23.8,,,,2025-06-30,0,0,indicative; actual APR varies by borrower assessment,apr-2025-06.pdf
sme,5,United Bank for Africa (Ghana) Limited,23.8,11.97,35.77,36.29,2025-06-30,2.0,1,indicative; actual APR varies by borrower assessment,apr-2025-06.pdf
sme,5,Fidelity Bank Ghana Limited,23.8,6.19,29.99,30.93,2025-06-30,2.0,1,indicative; actual APR varies by borrower assessment,apr-2025-06.pdf
sme,5,Bank of Africa Ghana Limited,23.8,-2.8,21.0,23.37,2025-06-30,4.21,3,indicative; actual APR varies by borrower assessment,apr-2025-06.pdf
sme,5,Republic Bank (Ghana) PLC,23.8,3.29,27.09,27.92,2025-06-30,3.0,2,indicative; actual APR varies by borrower assessment,apr-2025-06.pdf
sme,5,First Atlantic Bank Limited,23.8,5.19,28.99,30.05,2025-06-30,2.0,2,indicative; actual APR varies by borrower assessment,apr-2025-06.pdf
sme,5,Access Bank Ghana Plc,23.8,7.57,31.37,31.38,2025-06-30,2.0,2,indicative; actual APR varies by borrower assessment,apr-2025-06.pdf
sme,5,Zenith Bank (Ghana) Limited,23.8,7.51,31.31,32.67,2025-06-30,3.5,4,indicative; actual APR varies by borrower assessment,apr-2025-06.pdf
sme,5,Stanbic Bank Ghana Limited,23.8,10.1,33.9,34.66,2025-06-30,3.5,2,indicative; actual APR varies by borrower assessment,apr-2025-06.pdf
sme,5,Ecobank Ghana Limited,23.8,9.62,33.42,35.42,2025-06-30,3.2,4,indicative; actual APR varies by borrower assessment,apr-2025-06.pdf
sme,5,Agricultural Development Bank Limited,23.8,18.16,41.96,45.92,2025-06-30,3.0,2,indicative; actual APR varies by borrower assessment,apr-2025-06.pdf
sme,5,Absa Bank Ghana Limited,23.8,,,,2025-06-30,0,0,indicative; actual APR varies by borrower assessment,apr-2025-06.pdf
sme,5,CalBank PLC,23.8,,,,2025-06-30,0,0,indicative; actual APR varies by borrower assessment,apr-2025-06.pdf
sme,5,Consolidated Bank Ghana Limited,23.8,,,,2025-06-30,0,0,indicative; actual APR varies by borrower assessment,apr-2025-06.pdf
sme,5,FBNBank (Ghana) Limited,23.8,,,,2025-06-30,0,0,indicative; actual APR varies by borrower assessment,apr-2025-06.pdf
sme,5,First National Bank (Ghana) Limited,23.8,,,,2025-06-30,0,0,indicative; actual APR varies by borrower assessment,apr-2025-06.pdf
sme,5,GCB Bank Limited,23.8,,,,2025-06-30,0,0,indicative; actual APR varies by borrower assessment,apr-2025-06.pdf
sme,5,Guaranty Trust Bank (Ghana) Limited,23.8,,,,2025-06-30,0,0,indicative; actual APR varies by borrower assessment,apr-2025-06.pdf
sme,5,National Investment Bank Limited,23.8,,,,2025-06-30,0,0,indicative; actual APR varies by borrower assessment,apr-2025-06.pdf
sme,5,OmniBSIC Bank Ghana Limited,23.8,,,,2025-06-30,0,0,indicative; actual APR varies by borrower assessment,apr-2025-06.pdf
sme,5,Prudential Bank Limited,23.8,,,,2025-06-30,0,0,indicative; actual APR varies by borrower assessment,apr-2025-06.pdf
sme,5,Societe General Ghana PLC,23.8,,,,2025-06-30,0,0,indicative; actual APR varies by borrower assessment,apr-2025-06.pdf
sme,5,Standard Chartered Bank (Ghana) Limited,23.8,,,,2025-06-30,0,0,indicative; actual APR varies by borrower assessment,apr-2025-06.pdf
sme,5,Universal Merchant Bank Limited,23.8,,,,2025-06-30,0,0,indicative; actual APR varies by borrower assessment,apr-2025-06.pdf
corporate,1,Universal Merchant Bank Limited,23.8,-0.8,23.0,23.49,2025-06-30,0.25,1,indicative; actual APR varies by borrower assessment,apr-2025-06.pdf
corporate,1,Standard Chartered Bank (Ghana) Limited,23.8,-0.04,23.76,23.76,2025-06-30,2.5,1,indicative; actual APR varies by borrower assessment,apr-2025-06.pdf
corporate,1,Absa Bank Ghana Limited,23.8,2.19,25.99,25.99,2025-06-30,1.0,1,indicative; actual APR varies by borrower assessment,apr-2025-06.pdf
corporate,1,Societe General Ghana PLC,23.8,-0.35,23.45,26.22,2025-06-30,0.8,2,indicative; actual APR varies by borrower assessment,apr-2025-06.pdf
corporate,1,GCB Bank Limited,23.8,1.6,25.4,26.4,2025-06-30,1.0,1,indicative; actual APR varies by borrower assessment,apr-2025-06.pdf
corporate,1,Access Bank Ghana Plc,23.8,3.46,27.26,27.27,2025-06-30,1.0,2,indicative; actual APR varies by borrower assessment,apr-2025-06.pdf
corporate,1,First Atlantic Bank Limited,23.8,4.69,28.49,27.46,2025-06-30,1.0,2,indicative; actual APR varies by borrower assessment,apr-2025-06.pdf
corporate,1,Stanbic Bank Ghana Limited,23.8,1.28,25.08,28.02,2025-06-30,1.0,1,indicative; actual APR varies by borrower assessment,apr-2025-06.pdf
corporate,1,Prudential Bank Limited,23.8,3.5,27.3,28.43,2025-06-30,2.5,3,indicative; actual APR varies by borrower assessment,apr-2025-06.pdf
corporate,1,OmniBSIC Bank Ghana Limited,23.8,0.7,24.5,29.48,2025-06-30,4.0,2,indicative; actual APR varies by borrower assessment,apr-2025-06.pdf
corporate,1,Zenith Bank (Ghana) Limited,23.8,4.0,27.8,31.24,2025-06-30,4.0,3,indicative; actual APR varies by borrower assessment,apr-2025-06.pdf
corporate,1,Republic Bank (Ghana) PLC,23.8,4.12,27.92,31.31,2025-06-30,2.0,2,indicative; actual APR varies by borrower assessment,apr-2025-06.pdf
corporate,1,First National Bank (Ghana) Limited,23.8,4.75,28.55,31.74,2025-06-30,0.75,1,indicative; actual APR varies by borrower assessment,apr-2025-06.pdf
corporate,1,FBNBank (Ghana) Limited,23.8,4.19,27.99,32.22,2025-06-30,2.5,2,indicative; actual APR varies by borrower assessment,apr-2025-06.pdf
corporate,1,United Bank for Africa (Ghana) Limited,23.8,5.13,28.93,32.32,2025-06-30,1.0,2,indicative; actual APR varies by borrower assessment,apr-2025-06.pdf
corporate,1,Fidelity Bank Ghana Limited,23.8,3.69,27.49,32.9,2025-06-30,1.5,1,indicative; actual APR varies by borrower assessment,apr-2025-06.pdf
corporate,1,Ecobank Ghana Limited,23.8,7.84,31.64,33.49,2025-06-30,3.2,4,indicative; actual APR varies by borrower assessment,apr-2025-06.pdf
corporate,1,Guaranty Trust Bank (Ghana) Limited,23.8,1.19,24.99,33.95,2025-06-30,2.0,2,indicative; actual APR varies by borrower assessment,apr-2025-06.pdf
corporate,1,Agricultural Development Bank Limited,23.8,9.63,33.43,37.6,2025-06-30,3.0,3,indicative; actual APR varies by borrower assessment,apr-2025-06.pdf
corporate,1,Bank of Africa Ghana Limited,23.8,,,,2025-06-30,0,0,indicative; actual APR varies by borrower assessment,apr-2025-06.pdf
corporate,1,CalBank PLC,23.8,,,,2025-06-30,0,0,indicative; actual APR varies by borrower assessment,apr-2025-06.pdf
corporate,1,Consolidated Bank Ghana Limited,23.8,,,,2025-06-30,0,0,indicative; actual APR varies by borrower assessment,apr-2025-06.pdf
corporate,1,National Investment Bank Limited,23.8,,,,2025-06-30,0,0,indicative; actual APR varies by borrower assessment,apr-2025-06.pdf
corporate,3,Fidelity Bank Ghana Limited,23.8,-2.81,20.99,21.14,2025-06-30,0.2,1,indicative; actual APR varies by borrower assessment,apr-2025-06.pdf
corporate,3,Standard Chartered Bank (Ghana) Limited,23.8,0.19,23.99,23.99,2025-06-30,2.5,1,indicative; actual APR varies by borrower assessment,apr-2025-06.pdf
corporate,3,Societe General Ghana PLC,23.8,0.19,23.99,23.99,2025-06-30,0.5,2,indicative; actual APR varies by borrower assessment,apr-2025-06.pdf
corporate,3,GCB Bank Limited,23.8,1.6,25.4,25.73,2025-06-30,1.0,1,indicative; actual APR varies by borrower assessment,apr-2025-06.pdf
corporate,3,FBNBank (Ghana) Limited,23.8,1.69,25.49,26.79,2025-06-30,2.5,2,indicative; actual APR varies by borrower assessment,apr-2025-06.pdf
corporate,3,Republic Bank (Ghana) PLC,23.8,4.12,27.92,28.95,2025-06-30,2.0,2,indicative; actual APR varies by borrower assessment,apr-2025-06.pdf
corporate,3,Stanbic Bank Ghana Limited,23.8,4.19,27.99,29.15,2025-06-30,1.5,1,indicative; actual APR varies by borrower assessment,apr-2025-06.pdf
corporate,3,Access Bank Ghana Plc,23.8,5.87,29.67,29.67,2025-06-30,1.0,2,indicative; actual APR varies by borrower assessment,apr-2025-06.pdf
corporate,3,United Bank for Africa (Ghana) Limited,23.8,5.1,28.9,29.92,2025-06-30,1.0,1,indicative; actual APR varies by borrower assessment,apr-2025-06.pdf
corporate,3,Zenith Bank (Ghana) Limited,23.8,5.2,29.0,31.16,2025-06-30,3.5,3,indicative; actual APR varies by borrower assessment,apr-2025-06.pdf
corporate,3,OmniBSIC Bank Ghana Limited,23.8,12.2,36.0,31.22,2025-06-30,4.0,2,indicative; actual APR varies by borrower assessment,apr-2025-06.pdf
corporate,3,Ecobank Ghana Limited,23.8,8.5,32.3,34.15,2025-06-30,3.2,4,indicative; actual APR varies by borrower assessment,apr-2025-06.pdf
corporate,3,Agricultural Development Bank Limited,23.8,14.16,37.96,41.89,2025-06-30,2.25,3,indicative; actual APR varies by borrower assessment,apr-2025-06.pdf
corporate,3,Absa Bank Ghana Limited,23.8,,,,2025-06-30,0,0,indicative; actual APR varies by borrower assessment,apr-2025-06.pdf
corporate,3,Bank of Africa Ghana Limited,23.8,,,,2025-06-30,0,0,indicative; actual APR varies by borrower assessment,apr-2025-06.pdf
corporate,3,CalBank PLC,23.8,,,,2025-06-30,0,0,indicative; actual APR varies by borrower assessment,apr-2025-06.pdf
corporate,3,Consolidated Bank Ghana Limited,23.8,,,,2025-06-30,0,0,indicative; actual APR varies by borrower assessment,apr-2025-06.pdf
corporate,3,First Atlantic Bank Limited,23.8,,,,2025-06-30,0,0,indicative; actual APR varies by borrower assessment,apr-2025-06.pdf
corporate,3,First National Bank (Ghana) Limited,23.8,,,,2025-06-30,0,0,indicative; actual APR varies by borrower assessment,apr-2025-06.pdf
corporate,3,Guaranty Trust Bank (Ghana) Limited,23.8,,,,2025-06-30,0,0,indicative; actual APR varies by borrower assessment,apr-2025-06.pdf
corporate,3,National Investment Bank Limited,23.8,,,,2025-06-30,0,0,indicative; actual APR varies by borrower assessment,apr-2025-06.pdf
corporate,3,Prudential Bank Limited,23.8,,,,2025-06-30,0,0,indicative; actual APR varies by borrower assessment,apr-2025-06.pdf
corporate,3,Universal Merchant Bank Limited,23.8,,,,2025-06-30,0,0,indicative; actual APR varies by borrower assessment,apr-2025-06.pdf
corporate,5,GCB Bank Limited,23.99,1.41,25.4,25.6,2025-06-30,1.0,1,indicative; actual APR varies by borrower assessment,apr-2025-06.pdf
corporate,5,Access Bank Ghana Plc,23.99,1.7,25.69,25.69,2025-06-30,1.0,2,indicative; actual APR varies by borrower assessment,apr-2025-06.pdf
corporate,5,Agricultural Development Bank Limited,23.99,0.0,23.99,26.21,2025-06-30,2.25,3,indicative; actual APR varies by borrower assessment,apr-2025-06.pdf
corporate,5,Societe General Ghana PLC,23.99,2.75,26.74,26.99,2025-06-30,1.0,2,indicative; actual APR varies by borrower assessment,apr-2025-06.pdf
corporate,5,Stanbic Bank Ghana Limited,23.99,2.0,25.99,27.02,2025-06-30,1.0,1,indicative; actual APR varies by borrower assessment,apr-2025-06.pdf
corporate,5,FBNBank (Ghana) Limited,23.99,3.0,26.99,27.68,2025-06-30,2.5,2,indicative; actual APR varies by borrower assessment,apr-2025-06.pdf
corporate,5,Republic Bank (Ghana) PLC,23.99,3.93,27.92,28.47,2025-06-30,2.0,2,indicative; actual APR varies by borrower assessment,apr-2025-06.pdf
corporate,5,Fidelity Bank Ghana Limited,23.99,1.0,24.99,29.52,2025-06-30,1.0,1,indicative; actual APR varies by borrower assessment,apr-2025-06.pdf
corporate,5,Zenith Bank (Ghana) Limited,23.99,6.01,30.0,30.48,2025-06-30,1.25,3,indicative; actual APR varies by borrower assessment,apr-2025-06.pdf
corporate,5,Ecobank Ghana Limited,23.99,7.86,31.85,33.7,2025-06-30,3.2,4,indicative; actual APR varies by borrower assessment,apr-2025-06.pdf
corporate,5,United Bank for Africa (Ghana) Limited,23.99,11.01,35.0,35.52,2025-06-30,2.0,1,indicative; actual APR varies by borrower assessment,apr-2025-06.pdf
corporate,5,CalBank PLC,23.99,,,,2025-06-30,0,0,indicative; actual APR varies by borrower assessment,apr-2025-06.pdf
corporate,5,Bank of Africa Ghana Limited,23.99,,,,2025-06-30,0,0,indicative; actual APR varies by borrower assessment,apr-2025-06.pdf
corporate,5,Standard Chartered Bank (Ghana) Limited,23.99,,,,2025-06-30,0,0,indicative; actual APR varies by borrower assessment,apr-2025-06.pdf
corporate,5,National Investment Bank Limited,23.99,,,,2025-06-30,0,0,indicative; actual APR varies by borrower assessment,apr-2025-06.pdf
corporate,5,First Atlantic Bank Limited,23.99,,,,2025-06-30,0,0,indicative; actual APR varies by borrower assessment,apr-2025-06.pdf
corporate,5,Guaranty Trust Bank (Ghana) Limited,23.99,,,,2025-06-30,0,0,indicative; actual APR varies by borrower assessment,apr-2025-06.pdf
corporate,5,First National Bank (Ghana) Limited,23.99,,,,2025-06-30,0,0,indicative; actual APR varies by borrower assessment,apr-2025-06.pdf
corporate,5,Absa Bank Ghana Limited,23.99,,,,2025-06-30,0,0,indicative; actual APR varies by borrower assessment,apr-2025-06.pdf
corporate,5,Universal Merchant Bank Limited,23.99,,,,2025-06-30,0,0,indicative; actual APR varies by borrower assessment,apr-2025-06.pdf
corporate,5,Prudential Bank Limited,23.99,,,,2025-06-30,0,0,indicative; actual APR varies by borrower assessment,apr-2025-06.pdf
corporate,5,Consolidated Bank Ghana Limited,23.99,,,,2025-06-30,0,0,indicative; actual APR varies by borrower assessment,apr-2025-06.pdf
corporate,5,OmniBSIC Bank Ghana Limited,23.99,,,,2025-06-30,0,0,indicative; actual APR varies by borrower assessment,apr-2025-06.pdf
household,1,Absa Bank Ghana Limited,10.03,6.9,16.93,18.32,2026-05-31,2.86,2,indicative; actual APR varies by borrower assessment,apr-2026-05.pdf
household,1,Access Bank Ghana Plc,10.03,6.72,16.75,16.78,2026-05-31,3.0,3,indicative; actual APR varies by borrower assessment,apr-2026-05.pdf
household,1,Agricultural Development Bank Limited,10.03,9.56,19.59,28.13,2026-05-31,4.0,3,indicative; actual APR varies by borrower assessment,apr-2026-05.pdf
household,1,Bank of Africa Ghana Limited,10.03,1.51,11.54,22.9,2026-05-31,5.08,3,indicative; actual APR varies by borrower assessment,apr-2026-05.pdf
household,1,CalBank PLC,10.03,3.63,13.66,15.82,2026-05-31,3.4,3,indicative; actual APR varies by borrower assessment,apr-2026-05.pdf
household,1,Consolidated Bank Ghana Limited,10.03,6.47,16.5,20.01,2026-05-31,3.0,2,indicative; actual APR varies by borrower assessment,apr-2026-05.pdf
household,1,Ecobank Ghana Limited,10.03,3.61,13.64,15.64,2026-05-31,3.2,4,indicative; actual APR varies by borrower assessment,apr-2026-05.pdf
household,1,First Bank Ghana Limited,10.03,2.8,12.83,19.0,2026-05-31,3.5,3,indicative; actual APR varies by borrower assessment,apr-2026-05.pdf
household,1,Fidelity Bank Ghana Limited,10.03,1.67,11.7,17.11,2026-05-31,4.68,3,indicative; actual APR varies by borrower assessment,apr-2026-05.pdf
household,1,First Atlantic Bank Limited,10.03,4.37,14.4,16.57,2026-05-31,2.0,2,indicative; actual APR varies by borrower assessment,apr-2026-05.pdf
household,1,First National Bank (Ghana) Limited,10.03,2.29,12.32,20.17,2026-05-31,4.0,2,indicative; actual APR varies by borrower assessment,apr-2026-05.pdf
household,1,GCB Bank Limited,10.03,13.46,23.49,26.74,2026-05-31,3.0,2,indicative; actual APR varies by borrower assessment,apr-2026-05.pdf
household,1,Guaranty Trust Bank (Ghana),10.03,,,,2026-05-31,0,0,indicative; actual APR varies by borrower assessment,apr-2026-05.pdf
household,1,National Investment Bank Limited,10.03,5.0,15.03,18.9,2026-05-31,2.75,2,indicative; actual APR varies by borrower assessment,apr-2026-05.pdf
household,1,OmniBSIC Bank Ghana Limited,10.03,3.98,14.01,17.67,2026-05-31,1.67,1,indicative; actual APR varies by borrower assessment,apr-2026-05.pdf
household,1,Prudential Bank Limited,10.03,6.2,16.23,21.48,2026-05-31,2.0,1,indicative; actual APR varies by borrower assessment,apr-2026-05.pdf
household,1,Republic Bank (Ghana) PLC,10.03,3.52,13.55,18.83,2026-05-31,3.0,3,indicative; actual APR varies by borrower assessment,apr-2026-05.pdf
household,1,Societe General Ghana PLC,10.03,4.33,14.36,21.12,2026-05-31,5.07,3,indicative; actual APR varies by borrower assessment,apr-2026-05.pdf
household,1,Stanbic Bank Ghana Limited,10.03,1.2,11.23,11.62,2026-05-31,2.6,2,indicative; actual APR varies by borrower assessment,apr-2026-05.pdf
household,1,Standard Chartered Bank (Ghana),10.03,,,,2026-05-31,0,0,indicative; actual APR varies by borrower assessment,apr-2026-05.pdf
household,1,United Bank for Africa (Ghana),10.03,2.55,12.58,16.12,2026-05-31,2.0,1,indicative; actual APR varies by borrower assessment,apr-2026-05.pdf
household,1,Universal Merchant Bank Limited,10.03,7.94,17.97,22.22,2026-05-31,4.0,2,indicative; actual APR varies by borrower assessment,apr-2026-05.pdf
household,1,Zenith Bank (Ghana) Limited,10.03,4.47,14.5,19.24,2026-05-31,5.1,4,indicative; actual APR varies by borrower assessment,apr-2026-05.pdf
household,3,Absa Bank Ghana Limited,10.03,7.31,17.34,18.83,2026-05-31,2.68,2,indicative; actual APR varies by borrower assessment,apr-2026-05.pdf
household,3,Access Bank Ghana Plc,10.03,4.47,14.5,14.51,2026-05-31,3.0,3,indicative; actual APR varies by borrower assessment,apr-2026-05.pdf
household,3,Agricultural Development Bank Limited,10.03,8.92,18.95,22.45,2026-05-31,4.0,3,indicative; actual APR varies by borrower assessment,apr-2026-05.pdf
household,3,Bank of Africa Ghana Limited,10.03,6.55,16.58,21.64,2026-05-31,5.08,3,indicative; actual APR varies by borrower assessment,apr-2026-05.pdf
household,3,CalBank PLC,10.03,3.93,13.96,15.05,2026-05-31,3.4,3,indicative; actual APR varies by borrower assessment,apr-2026-05.pdf
household,3,Consolidated Bank Ghana Limited,10.03,7.97,18.0,19.71,2026-05-31,3.0,2,indicative; actual APR varies by borrower assessment,apr-2026-05.pdf
household,3,Ecobank Ghana Limited,10.03,3.71,13.74,15.74,2026-05-31,3.2,4,indicative; actual APR varies by borrower assessment,apr-2026-05.pdf
household,3,First Bank Ghana Limited,10.03,2.0,12.03,14.05,2026-05-31,3.5,3,indicative; actual APR varies by borrower assessment,apr-2026-05.pdf
household,3,Fidelity Bank Ghana Limited,10.03,3.54,13.57,16.61,2026-05-31,4.68,3,indicative; actual APR varies by borrower assessment,apr-2026-05.pdf
household,3,First Atlantic Bank Limited,10.03,,,,2026-05-31,0,0,indicative; actual APR varies by borrower assessment,apr-2026-05.pdf
household,3,First National Bank (Ghana) Limited,10.03,4.73,14.76,17.59,2026-05-31,4.0,2,indicative; actual APR varies by borrower assessment,apr-2026-05.pdf
household,3,GCB Bank Limited,10.03,13.46,23.49,24.57,2026-05-31,3.0,2,indicative; actual APR varies by borrower assessment,apr-2026-05.pdf
household,3,Guaranty Trust Bank (Ghana) Limited,10.03,7.47,17.5,19.62,2026-05-31,3.0,3,indicative; actual APR varies by borrower assessment,apr-2026-05.pdf
household,3,National Investment Bank Limited,10.03,5.0,15.03,18.69,2026-05-31,2.75,2,indicative; actual APR varies by borrower assessment,apr-2026-05.pdf
household,3,OmniBSIC Bank Ghana Limited,10.03,,,,2026-05-31,0,0,indicative; actual APR varies by borrower assessment,apr-2026-05.pdf
household,3,Prudential Bank Limited,10.03,6.22,16.25,18.3,2026-05-31,2.0,1,indicative; actual APR varies by borrower assessment,apr-2026-05.pdf
household,3,Republic Bank (Ghana) PLC,10.03,3.52,13.55,15.26,2026-05-31,3.0,3,indicative; actual APR varies by borrower assessment,apr-2026-05.pdf
household,3,Societe General Ghana PLC,10.03,3.92,13.95,16.08,2026-05-31,4.85,3,indicative; actual APR varies by borrower assessment,apr-2026-05.pdf
household,3,Stanbic Bank Ghana Limited,10.03,1.49,11.52,11.59,2026-05-31,2.6,2,indicative; actual APR varies by borrower assessment,apr-2026-05.pdf
household,3,Standard Chartered Bank (Ghana) Limited,10.03,3.11,13.14,13.14,2026-05-31,2.5,1,indicative; actual APR varies by borrower assessment,apr-2026-05.pdf
household,3,United Bank for Africa (Ghana) Limited,10.03,26.93,36.96,38.89,2026-05-31,4.0,2,indicative; actual APR varies by borrower assessment,apr-2026-05.pdf
household,3,Universal Merchant Bank Limited,10.03,26.97,37.0,39.27,2026-05-31,2.0,2,indicative; actual APR varies by borrower assessment,apr-2026-05.pdf
household,3,Zenith Bank (Ghana) Limited,10.03,5.97,16.0,17.57,2026-05-31,2.5,3,indicative; actual APR varies by borrower assessment,apr-2026-05.pdf
household,5,Absa Bank Ghana Limited,10.03,6.07,16.1,17.37,2026-05-31,2.0,2,indicative; actual APR varies by borrower assessment,apr-2026-05.pdf
household,5,Access Bank Ghana Plc,10.03,4.54,14.57,14.58,2026-05-31,3.0,3,indicative; actual APR varies by borrower assessment,apr-2026-05.pdf
household,5,Agricultural Development Bank,10.03,8.44,18.47,20.13,2026-05-31,4.0,3,indicative; actual APR varies by borrower assessment,apr-2026-05.pdf
household,5,Bank of Africa Ghana Limited,10.03,6.36,16.39,18.67,2026-05-31,5.08,3,indicative; actual APR varies by borrower assessment,apr-2026-05.pdf
household,5,CalBank PLC,10.03,,,,2026-05-31,0,0,indicative; actual APR varies by borrower assessment,apr-2026-05.pdf
household,5,Consolidated Bank Ghana Limited,10.03,7.69,17.72,18.86,2026-05-31,3.0,2,indicative; actual APR varies by borrower assessment,apr-2026-05.pdf
household,5,Ecobank Ghana Limited,10.03,3.33,13.36,15.36,2026-05-31,3.2,4,indicative; actual APR varies by borrower assessment,apr-2026-05.pdf
household,5,First Bank Ghana Limited,10.03,6.97,17.0,18.08,2026-05-31,4.5,4,indicative; actual APR varies by borrower assessment,apr-2026-05.pdf
household,5,Fidelity Bank Ghana Limited,10.03,3.09,13.12,14.71,2026-05-31,6.38,3,indicative; actual APR varies by borrower assessment,apr-2026-05.pdf
household,5,First Atlantic Bank Limited,10.03,3.0,13.03,13.48,2026-05-31,2.0,2,indicative; actual APR varies by borrower assessment,apr-2026-05.pdf
household,5,First National Bank (Ghana),10.03,4.25,14.28,14.28,2026-05-31,0,0,indicative; actual APR varies by borrower assessment,apr-2026-05.pdf
household,5,GCB Bank Limited,10.03,13.46,23.49,24.14,2026-05-31,3.0,2,indicative; actual APR varies by borrower assessment,apr-2026-05.pdf
household,5,Guaranty Trust Bank (Ghana),10.03,,,,2026-05-31,0,0,indicative; actual APR varies by borrower assessment,apr-2026-05.pdf
household,5,National Investment Bank Limited,10.03,5.0,15.03,18.94,2026-05-31,2.75,2,indicative; actual APR varies by borrower assessment,apr-2026-05.pdf
household,5,OmniBSIC Bank Ghana Limited,10.03,-5.03,5.0,5.03,2026-05-31,0,0,indicative; actual APR varies by borrower assessment,apr-2026-05.pdf
household,5,Prudential Bank Limited,10.03,6.64,16.67,17.53,2026-05-31,2.0,1,indicative; actual APR varies by borrower assessment,apr-2026-05.pdf
household,5,Republic Bank (Ghana) PLC,10.03,3.52,13.55,14.51,2026-05-31,3.0,3,indicative; actual APR varies by borrower assessment,apr-2026-05.pdf
household,5,Societe General Ghana PLC,10.03,2.97,13.0,14.12,2026-05-31,4.17,3,indicative; actual APR varies by borrower assessment,apr-2026-05.pdf
household,5,Stanbic Bank Ghana Limited,10.03,1.59,11.62,11.64,2026-05-31,2.6,2,indicative; actual APR varies by borrower assessment,apr-2026-05.pdf
household,5,Standard Chartered Bank (Ghana),10.03,2.87,12.9,12.9,2026-05-31,2.5,1,indicative; actual APR varies by borrower assessment,apr-2026-05.pdf
household,5,United Bank for Africa (Ghana),10.03,21.88,31.91,32.97,2026-05-31,4.0,2,indicative; actual APR varies by borrower assessment,apr-2026-05.pdf
household,5,Universal Merchant Bank Limited,10.03,,,,2026-05-31,0,0,indicative; actual APR varies by borrower assessment,apr-2026-05.pdf
household,5,Zenith Bank (Ghana) Limited,10.03,4.97,15.0,16.27,2026-05-31,3.5,3,indicative; actual APR varies by borrower assessment,apr-2026-05.pdf
sme,1,Absa Bank Ghana Limited,10.03,4.16,14.19,16.13,2026-05-31,2.0,2,indicative; actual APR varies by borrower assessment,apr-2026-05.pdf
sme,1,Access Bank Ghana Plc,10.03,10.91,20.94,20.98,2026-05-31,3.5,2,indicative; actual APR varies by borrower assessment,apr-2026-05.pdf
sme,1,Agricultural Development Bank Limited,10.03,10.67,20.7,27.48,2026-05-31,2.0,1,indicative; actual APR varies by borrower assessment,apr-2026-05.pdf
sme,1,Bank of Africa Ghana Limited,10.03,3.67,13.7,23.42,2026-05-31,4.21,3,indicative; actual APR varies by borrower assessment,apr-2026-05.pdf
sme,1,CalBank PLC,10.03,4.73,14.76,16.41,2026-05-31,3.0,3,indicative; actual APR varies by borrower assessment,apr-2026-05.pdf
sme,1,Consolidated Bank Ghana Limited,10.03,11.27,21.3,25.44,2026-05-31,2.5,2,indicative; actual APR varies by borrower assessment,apr-2026-05.pdf
sme,1,Ecobank Ghana Limited,10.03,2.98,13.01,14.51,2026-05-31,3.2,4,indicative; actual APR varies by borrower assessment,apr-2026-05.pdf
sme,1,First Bank Ghana Limited,10.03,6.73,16.76,21.13,2026-05-31,2.5,2,indicative; actual APR varies by borrower assessment,apr-2026-05.pdf
sme,1,Fidelity Bank Ghana Limited,10.03,8.42,18.45,24.79,2026-05-31,3.0,2,indicative; actual APR varies by borrower assessment,apr-2026-05.pdf
sme,1,First Atlantic Bank Limited,10.03,3.48,13.51,16.59,2026-05-31,3.0,2,indicative; actual APR varies by borrower assessment,apr-2026-05.pdf
sme,1,First National Bank (Ghana) Limited,10.03,5.32,15.35,16.5,2026-05-31,1.5,1,indicative; actual APR varies by borrower assessment,apr-2026-05.pdf
sme,1,GCB Bank Limited,10.03,17.51,27.54,29.54,2026-05-31,2.0,2,indicative; actual APR varies by borrower assessment,apr-2026-05.pdf
sme,1,Guaranty Trust Bank (Ghana) Limited,10.03,16.47,26.5,33.58,2026-05-31,2.0,2,indicative; actual APR varies by borrower assessment,apr-2026-05.pdf
sme,1,National Investment Bank Limited,10.03,,,,2026-05-31,0,0,indicative; actual APR varies by borrower assessment,apr-2026-05.pdf
sme,1,OmniBSIC Bank Ghana Limited,10.03,5.43,15.46,18.91,2026-05-31,1.81,2,indicative; actual APR varies by borrower assessment,apr-2026-05.pdf
sme,1,Prudential Bank Limited,10.03,6.14,16.17,18.26,2026-05-31,2.0,1,indicative; actual APR varies by borrower assessment,apr-2026-05.pdf
sme,1,Republic Bank (Ghana) PLC,10.03,7.5,17.53,22.75,2026-05-31,3.0,2,indicative; actual APR varies by borrower assessment,apr-2026-05.pdf
sme,1,Societe General Ghana PLC,10.03,5.51,15.54,19.04,2026-05-31,3.5,2,indicative; actual APR varies by borrower assessment,apr-2026-05.pdf
sme,1,Stanbic Bank Ghana Limited,10.03,4.75,14.78,15.17,2026-05-31,3.55,2,indicative; actual APR varies by borrower assessment,apr-2026-05.pdf
sme,1,Standard Chartered Bank (Ghana) Limited,10.03,1.0,11.03,11.03,2026-05-31,2.5,1,indicative; actual APR varies by borrower assessment,apr-2026-05.pdf
sme,1,United Bank for Africa (Ghana) Limited,10.03,6.26,16.29,19.79,2026-05-31,3.0,1,indicative; actual APR varies by borrower assessment,apr-2026-05.pdf
sme,1,Universal Merchant Bank Limited,10.03,5.98,16.01,20.69,2026-05-31,4.0,2,indicative; actual APR varies by borrower assessment,apr-2026-05.pdf
sme,1,Zenith Bank (Ghana) Limited,10.03,6.95,16.98,22.25,2026-05-31,7.0,4,indicative; actual APR varies by borrower assessment,apr-2026-05.pdf
sme,3,Absa Bank Ghana Limited,10.03,2.33,12.36,13.34,2026-05-31,2.0,2,indicative; actual APR varies by borrower assessment,apr-2026-05.pdf
sme,3,Access Bank Ghana Plc,10.03,5.74,15.77,15.78,2026-05-31,2.0,2,indicative; actual APR varies by borrower assessment,apr-2026-05.pdf
sme,3,Agricultural Development Bank Limited,10.03,7.97,18.0,19.46,2026-05-31,2.0,1,indicative; actual APR varies by borrower assessment,apr-2026-05.pdf
sme,3,Bank of Africa Ghana Limited,10.03,4.73,14.76,18.08,2026-05-31,4.21,3,indicative; actual APR varies by borrower assessment,apr-2026-05.pdf
sme,3,CalBank PLC,10.03,,,,2026-05-31,0,0,indicative; actual APR varies by borrower assessment,apr-2026-05.pdf
sme,3,Consolidated Bank Ghana Limited,10.03,11.33,21.36,24.72,2026-05-31,2.5,2,indicative; actual APR varies by borrower assessment,apr-2026-05.pdf
sme,3,Ecobank Ghana Limited,10.03,3.18,13.21,14.71,2026-05-31,3.2,4,indicative; actual APR varies by borrower assessment,apr-2026-05.pdf
sme,3,First Bank Ghana Limited,10.03,7.5,17.53,18.91,2026-05-31,2.5,2,indicative; actual APR varies by borrower assessment,apr-2026-05.pdf
sme,3,Fidelity Bank Ghana Limited,10.03,5.47,15.5,21.45,2026-05-31,2.0,1,indicative; actual APR varies by borrower assessment,apr-2026-05.pdf
sme,3,First Atlantic Bank Limited,10.03,2.99,13.02,14.08,2026-05-31,3.0,2,indicative; actual APR varies by borrower assessment,apr-2026-05.pdf
sme,3,First National Bank (Ghana) Limited,10.03,,,,2026-05-31,0,0,indicative; actual APR varies by borrower assessment,apr-2026-05.pdf
sme,3,GCB Bank Limited,10.03,17.51,27.54,28.21,2026-05-31,2.0,2,indicative; actual APR varies by borrower assessment,apr-2026-05.pdf
sme,3,Guaranty Trust Bank (Ghana) Limited,10.03,,,,2026-05-31,0,0,indicative; actual APR varies by borrower assessment,apr-2026-05.pdf
sme,3,National Investment Bank Limited,10.03,,,,2026-05-31,0,0,indicative; actual APR varies by borrower assessment,apr-2026-05.pdf
sme,3,OmniBSIC Bank Ghana Limited,10.03,,,,2026-05-31,0,0,indicative; actual APR varies by borrower assessment,apr-2026-05.pdf
sme,3,Prudential Bank Limited,10.03,6.84,16.87,20.19,2026-05-31,3.0,2,indicative; actual APR varies by borrower assessment,apr-2026-05.pdf
sme,3,Republic Bank (Ghana) PLC,10.03,7.5,17.53,19.19,2026-05-31,3.0,2,indicative; actual APR varies by borrower assessment,apr-2026-05.pdf
sme,3,Societe General Ghana PLC,10.03,,,,2026-05-31,0,0,indicative; actual APR varies by borrower assessment,apr-2026-05.pdf
sme,3,Stanbic Bank Ghana Limited,10.03,3.57,13.6,13.76,2026-05-31,3.5,2,indicative; actual APR varies by borrower assessment,apr-2026-05.pdf
sme,3,Standard Chartered Bank (Ghana) Limited,10.03,,,,2026-05-31,0,0,indicative; actual APR varies by borrower assessment,apr-2026-05.pdf
sme,3,United Bank for Africa (Ghana) Limited,10.03,8.71,18.74,19.84,2026-05-31,2.0,1,indicative; actual APR varies by borrower assessment,apr-2026-05.pdf
sme,3,Universal Merchant Bank Limited,10.03,19.97,30.0,31.09,2026-05-31,1.25,2,indicative; actual APR varies by borrower assessment,apr-2026-05.pdf
sme,3,Zenith Bank (Ghana) Limited,10.03,5.74,15.77,18.17,2026-05-31,5.0,4,indicative; actual APR varies by borrower assessment,apr-2026-05.pdf
sme,5,Absa Bank Ghana Limited,10.03,,,,2026-05-31,0,0,indicative; actual APR varies by borrower assessment,apr-2026-05.pdf
sme,5,Access Bank Ghana Plc,10.03,6.3,16.33,16.34,2026-05-31,2.0,2,indicative; actual APR varies by borrower assessment,apr-2026-05.pdf
sme,5,Agricultural Development Bank Limited,10.03,12.64,22.67,25.07,2026-05-31,2.0,1,indicative; actual APR varies by borrower assessment,apr-2026-05.pdf
sme,5,Bank of Africa Ghana Limited,10.03,3.74,13.77,15.86,2026-05-31,4.21,3,indicative; actual APR varies by borrower assessment,apr-2026-05.pdf
sme,5,CalBank PLC,10.03,,,,2026-05-31,0,0,indicative; actual APR varies by borrower assessment,apr-2026-05.pdf
sme,5,Consolidated Bank Ghana Limited,10.03,,,,2026-05-31,0,0,indicative; actual APR varies by borrower assessment,apr-2026-05.pdf
sme,5,Ecobank Ghana Limited,10.03,2.44,12.47,13.97,2026-05-31,3.2,4,indicative; actual APR varies by borrower assessment,apr-2026-05.pdf
sme,5,First Bank Ghana Limited,10.03,7.9,17.93,18.69,2026-05-31,2.5,2,indicative; actual APR varies by borrower assessment,apr-2026-05.pdf
sme,5,Fidelity Bank Ghana Limited,10.03,4.0,14.03,14.57,2026-05-31,2.0,1,indicative; actual APR varies by borrower assessment,apr-2026-05.pdf
sme,5,First Atlantic Bank Limited,10.03,5.0,15.03,15.72,2026-05-31,3.0,2,indicative; actual APR varies by borrower assessment,apr-2026-05.pdf
sme,5,First National Bank (Ghana) Limited,10.03,5.0,15.03,16.11,2026-05-31,2.0,1,indicative; actual APR varies by borrower assessment,apr-2026-05.pdf
sme,5,GCB Bank Limited,10.03,,,,2026-05-31,0,0,indicative; actual APR varies by borrower assessment,apr-2026-05.pdf
sme,5,Guaranty Trust Bank (Ghana) Limited,10.03,,,,2026-05-31,0,0,indicative; actual APR varies by borrower assessment,apr-2026-05.pdf
sme,5,National Investment Bank Limited,10.03,,,,2026-05-31,0,0,indicative; actual APR varies by borrower assessment,apr-2026-05.pdf
sme,5,OmniBSIC Bank Ghana Limited,10.03,,,,2026-05-31,0,0,indicative; actual APR varies by borrower assessment,apr-2026-05.pdf
sme,5,Prudential Bank Limited,10.03,4.62,14.65,15.61,2026-05-31,2.0,1,indicative; actual APR varies by borrower assessment,apr-2026-05.pdf
sme,5,Republic Bank (Ghana) PLC,10.03,7.5,17.53,18.45,2026-05-31,3.0,2,indicative; actual APR varies by borrower assessment,apr-2026-05.pdf
sme,5,Societe General Ghana PLC,10.03,,,,2026-05-31,0,0,indicative; actual APR varies by borrower assessment,apr-2026-05.pdf
sme,5,Stanbic Bank Ghana Limited,10.03,5.0,15.03,15.07,2026-05-31,3.5,2,indicative; actual APR varies by borrower assessment,apr-2026-05.pdf
sme,5,Standard Chartered Bank (Ghana) Limited,10.03,,,,2026-05-31,0,0,indicative; actual APR varies by borrower assessment,apr-2026-05.pdf
sme,5,United Bank for Africa (Ghana) Limited,10.03,9.83,19.86,20.46,2026-05-31,2.0,1,indicative; actual APR varies by borrower assessment,apr-2026-05.pdf
sme,5,Universal Merchant Bank Limited,10.03,,,,2026-05-31,0,0,indicative; actual APR varies by borrower assessment,apr-2026-05.pdf
sme,5,Zenith Bank (Ghana) Limited,10.03,,,,2026-05-31,0,0,indicative; actual APR varies by borrower assessment,apr-2026-05.pdf
corporate,1,Absa Bank Ghana Limited,10.03,-2.81,7.22,7.62,2026-05-31,0.5,1,indicative; actual APR varies by borrower assessment,apr-2026-05.pdf
corporate,1,Access Bank Ghana Plc,10.03,2.56,12.59,12.6,2026-05-31,1.0,2,indicative; actual APR varies by borrower assessment,apr-2026-05.pdf
corporate,1,Agricultural Development Bank,10.03,9.8,19.83,23.82,2026-05-31,2.0,1,indicative; actual APR varies by borrower assessment,apr-2026-05.pdf
corporate,1,Bank of Africa Ghana Limited,10.03,,,,2026-05-31,0,0,indicative; actual APR varies by borrower assessment,apr-2026-05.pdf
corporate,1,CalBank PLC,10.03,3.0,13.03,14.13,2026-05-31,3.0,3,indicative; actual APR varies by borrower assessment,apr-2026-05.pdf
corporate,1,Consolidated Bank Ghana Limited,10.03,4.0,14.03,14.79,2026-05-31,2.5,2,indicative; actual APR varies by borrower assessment,apr-2026-05.pdf
corporate,1,Ecobank Ghana Limited,10.03,1.0,11.03,11.88,2026-05-31,3.2,4,indicative; actual APR varies by borrower assessment,apr-2026-05.pdf
corporate,1,First Bank Ghana Limited,10.03,-0.5,9.53,13.99,2026-05-31,2.5,2,indicative; actual APR varies by borrower assessment,apr-2026-05.pdf
corporate,1,Fidelity Bank Ghana Limited,10.03,3.97,14.0,14.5,2026-05-31,1.0,1,indicative; actual APR varies by borrower assessment,apr-2026-05.pdf
corporate,1,First Atlantic Bank Limited,10.03,1.68,11.71,15.36,2026-05-31,1.0,2,indicative; actual APR varies by borrower assessment,apr-2026-05.pdf
corporate,1,First National Bank (Ghana) Limited,10.03,4.5,14.53,15.47,2026-05-31,1.0,1,indicative; actual APR varies by borrower assessment,apr-2026-05.pdf
corporate,1,GCB Bank Limited,10.03,3.6,13.63,14.63,2026-05-31,1.0,1,indicative; actual APR varies by borrower assessment,apr-2026-05.pdf
corporate,1,Guaranty Trust Bank (Ghana) Limited,10.03,14.64,24.67,24.67,2026-05-31,0,0,indicative; actual APR varies by borrower assessment,apr-2026-05.pdf
corporate,1,National Investment Bank Limited,10.03,,,,2026-05-31,0,0,indicative; actual APR varies by borrower assessment,apr-2026-05.pdf
corporate,1,OmniBSIC Bank Ghana Limited,10.03,2.37,12.4,13.35,2026-05-31,0.46,2,indicative; actual APR varies by borrower assessment,apr-2026-05.pdf
corporate,1,Prudential Bank Limited,10.03,3.29,13.32,14.86,2026-05-31,1.0,1,indicative; actual APR varies by borrower assessment,apr-2026-05.pdf
corporate,1,Republic Bank (Ghana) PLC,10.03,3.49,13.52,17.05,2026-05-31,2.0,2,indicative; actual APR varies by borrower assessment,apr-2026-05.pdf
corporate,1,Societe General Ghana PLC,10.03,3.07,13.1,13.21,2026-05-31,0.4,2,indicative; actual APR varies by borrower assessment,apr-2026-05.pdf
corporate,1,Stanbic Bank Ghana Limited,10.03,1.06,11.09,11.17,2026-05-31,1.0,1,indicative; actual APR varies by borrower assessment,apr-2026-05.pdf
corporate,1,Standard Chartered Bank (Ghana),10.03,-1.33,8.7,8.7,2026-05-31,2.5,1,indicative; actual APR varies by borrower assessment,apr-2026-05.pdf
corporate,1,United Bank for Africa (Ghana),10.03,0.74,10.77,14.32,2026-05-31,1.0,2,indicative; actual APR varies by borrower assessment,apr-2026-05.pdf
corporate,1,Universal Merchant Bank Limited,10.03,6.97,17.0,18.94,2026-05-31,1.0,2,indicative; actual APR varies by borrower assessment,apr-2026-05.pdf
corporate,1,Zenith Bank (Ghana) Limited,10.03,1.46,11.49,13.28,2026-05-31,2.5,3,indicative; actual APR varies by borrower assessment,apr-2026-05.pdf
corporate,3,Absa Bank Ghana Limited,10.03,-1.26,8.77,9.78,2026-05-31,0.5,1,indicative; actual APR varies by borrower assessment,apr-2026-05.pdf
corporate,3,Access Bank Ghana Plc,10.03,4.5,14.53,14.53,2026-05-31,1.0,2,indicative; actual APR varies by borrower assessment,apr-2026-05.pdf
corporate,3,Agricultural Development Bank Limited,10.03,12.03,22.06,23.56,2026-05-31,2.0,1,indicative; actual APR varies by borrower assessment,apr-2026-05.pdf
corporate,3,Bank of Africa Ghana Limited,10.03,,,,2026-05-31,0,0,indicative; actual APR varies by borrower assessment,apr-2026-05.pdf
corporate,3,CalBank PLC,10.03,,,,2026-05-31,0,0,indicative; actual APR varies by borrower assessment,apr-2026-05.pdf
corporate,3,Consolidated Bank Ghana Limited,10.03,,,,2026-05-31,0,0,indicative; actual APR varies by borrower assessment,apr-2026-05.pdf
corporate,3,Ecobank Ghana Limited,10.03,1.35,11.38,12.23,2026-05-31,3.2,4,indicative; actual APR varies by borrower assessment,apr-2026-05.pdf
corporate,3,First Bank Ghana Limited,10.03,1.25,11.28,12.73,2026-05-31,2.5,2,indicative; actual APR varies by borrower assessment,apr-2026-05.pdf
corporate,3,Fidelity Bank Ghana Limited,10.03,,,,2026-05-31,0,0,indicative; actual APR varies by borrower assessment,apr-2026-05.pdf
corporate,3,First Atlantic Bank Limited,10.03,2.53,12.56,12.86,2026-05-31,0.85,2,indicative; actual APR varies by borrower assessment,apr-2026-05.pdf
corporate,3,First National Bank (Ghana) Limited,10.03,1.35,11.38,11.99,2026-05-31,0,0,indicative; actual APR varies by borrower assessment,apr-2026-05.pdf
corporate,3,GCB Bank Limited,10.03,3.6,13.63,13.96,2026-05-31,1.0,1,indicative; actual APR varies by borrower assessment,apr-2026-05.pdf
corporate,3,Guaranty Trust Bank (Ghana) Limited,10.03,,,,2026-05-31,0,0,indicative; actual APR varies by borrower assessment,apr-2026-05.pdf
corporate,3,National Investment Bank Limited,10.03,,,,2026-05-31,0,0,indicative; actual APR varies by borrower assessment,apr-2026-05.pdf
corporate,3,OmniBSIC Bank Ghana Limited,10.03,1.64,11.67,12.69,2026-05-31,0.5,2,indicative; actual APR varies by borrower assessment,apr-2026-05.pdf
corporate,3,Prudential Bank Limited,10.03,,,,2026-05-31,0,0,indicative; actual APR varies by borrower assessment,apr-2026-05.pdf
corporate,3,Republic Bank (Ghana) PLC,10.03,3.49,13.52,14.66,2026-05-31,2.0,2,indicative; actual APR varies by borrower assessment,apr-2026-05.pdf
corporate,3,Societe General Ghana PLC,10.03,3.05,13.08,13.13,2026-05-31,0.35,2,indicative; actual APR varies by borrower assessment,apr-2026-05.pdf
corporate,3,Stanbic Bank Ghana Limited,10.03,2.0,12.03,12.08,2026-05-31,1.25,1,indicative; actual APR varies by borrower assessment,apr-2026-05.pdf
corporate,3,Standard Chartered Bank (Ghana) Limited,10.03,,,,2026-05-31,0,0,indicative; actual APR varies by borrower assessment,apr-2026-05.pdf
corporate,3,United Bank for Africa (Ghana) Limited,10.03,0.0,10.03,11.21,2026-05-31,1.0,1,indicative; actual APR varies by borrower assessment,apr-2026-05.pdf
corporate,3,Universal Merchant Bank Limited,10.03,,,,2026-05-31,0,0,indicative; actual APR varies by borrower assessment,apr-2026-05.pdf
corporate,3,Zenith Bank (Ghana) Limited,10.03,4.46,14.49,15.65,2026-05-31,2.5,3,indicative; actual APR varies by borrower assessment,apr-2026-05.pdf
corporate,5,Absa Bank Ghana Limited,10.03,,,,2026-05-31,0,0,indicative; actual APR varies by borrower assessment,apr-2026-05.pdf
corporate,5,Access Bank Ghana Plc,10.03,8.65,18.68,18.68,2026-05-31,1.0,2,indicative; actual APR varies by borrower assessment,apr-2026-05.pdf
corporate,5,Agricultural Development Bank Limited,10.03,7.97,18.0,18.92,2026-05-31,2.0,1,indicative; actual APR varies by borrower assessment,apr-2026-05.pdf
corporate,5,Bank of Africa Ghana Limited,10.03,,,,2026-05-31,0,0,indicative; actual APR varies by borrower assessment,apr-2026-05.pdf
corporate,5,CalBank PLC,10.03,,,,2026-05-31,0,0,indicative; actual APR varies by borrower assessment,apr-2026-05.pdf
corporate,5,Consolidated Bank Ghana Limited,10.03,,,,2026-05-31,0,0,indicative; actual APR varies by borrower assessment,apr-2026-05.pdf
corporate,5,Ecobank Ghana Limited,10.03,2.28,12.31,13.16,2026-05-31,3.2,4,indicative; actual APR varies by borrower assessment,apr-2026-05.pdf
corporate,5,First Bank Ghana Limited,10.03,3.0,13.03,13.84,2026-05-31,2.5,2,indicative; actual APR varies by borrower assessment,apr-2026-05.pdf
corporate,5,Fidelity Bank Ghana Limited,10.03,,,,2026-05-31,0,0,indicative; actual APR varies by borrower assessment,apr-2026-05.pdf
corporate,5,First Atlantic Bank Limited,10.03,,,,2026-05-31,0,0,indicative; actual APR varies by borrower assessment,apr-2026-05.pdf
corporate,5,First National Bank (Ghana) Limited,10.03,,,,2026-05-31,0,0,indicative; actual APR varies by borrower assessment,apr-2026-05.pdf
corporate,5,GCB Bank Limited,10.03,3.6,13.63,13.83,2026-05-31,1.0,1,indicative; actual APR varies by borrower assessment,apr-2026-05.pdf
corporate,5,Guaranty Trust Bank (Ghana) Limited,10.03,,,,2026-05-31,0,0,indicative; actual APR varies by borrower assessment,apr-2026-05.pdf
corporate,5,National Investment Bank Limited,10.03,,,,2026-05-31,0,0,indicative; actual APR varies by borrower assessment,apr-2026-05.pdf
corporate,5,OmniBSIC Bank Ghana Limited,10.03,,,,2026-05-31,0,0,indicative; actual APR varies by borrower assessment,apr-2026-05.pdf
corporate,5,Prudential Bank Limited,10.03,,,,2026-05-31,0,0,indicative; actual APR varies by borrower assessment,apr-2026-05.pdf
corporate,5,Republic Bank (Ghana) PLC,10.03,3.49,13.52,14.16,2026-05-31,2.0,2,indicative; actual APR varies by borrower assessment,apr-2026-05.pdf
corporate,5,Societe General Ghana PLC,10.03,3.5,13.53,14.03,2026-05-31,0.5,2,indicative; actual APR varies by borrower assessment,apr-2026-05.pdf
corporate,5,Stanbic Bank Ghana Limited,10.03,3.72,13.75,13.8,2026-05-31,1.85,1,indicative; actual APR varies by borrower assessment,apr-2026-05.pdf
corporate,5,Standard Chartered Bank (Ghana) Limited,10.03,,,,2026-05-31,0,0,indicative; actual APR varies by borrower assessment,apr-2026-05.pdf
corporate,5,United Bank for Africa (Ghana) Limited,10.03,24.97,35.0,35.52,2026-05-31,2.0,1,indicative; actual APR varies by borrower assessment,apr-2026-05.pdf
corporate,5,Universal Merchant Bank Limited,10.03,,,,2026-05-31,0,0,indicative; actual APR varies by borrower assessment,apr-2026-05.pdf
corporate,5,Zenith Bank (Ghana) Limited,10.03,11.57,21.6,21.81,2026-05-31,1.0,2,indicative; actual APR varies by borrower assessment,apr-2026-05.pdf
