category,name,address,phone,website,email,register_url
Banks,Absa Bank Ghana LTD,"Absa House J.E. Atta-Mills High Street Accra P.O. Box GP2949, Accra",233-302-429150,https://www.absa.com.gh,service.excellence@absa.africa,https://www.bog.gov.gh/supervision-regulation/banking-supervision/banks
Banks,Access Bank (Ghana) Plc,"Starlets’ 91 Road, Opposite Accra Sports Stadium, Osu P. O. Box GP 353, Accra, Ghana","233-302-661769, 233-302-684858, 233-302-661613",http://www.ghana.accessbankplc.com,info@ghana.accessbankplc.com,https://www.bog.gov.gh/supervision-regulation/banking-supervision/banks
Banks,Agricultural Development Bank Plc,"Accra Financial Centre, 3rd Ambassadorial Development Area, Ridge-Accra, P.O. Box 4191, Accra-Ghana","233-302-770403, 233-302-762104, 233-302-783123,233-302-784394,233-28-9255880,233-28-9225881",http://www.agricbank.com,customercare@agricbank.com,https://www.bog.gov.gh/supervision-regulation/banking-supervision/banks
Banks,Bank of Africa Ghana Limited,"Head Office,1st Floor, Block A&B,The Octagon, Independence Avenue P.O. Box C1541 Cantonments, Accra – Ghana","233-302-249690,233-302-249679/83/98,233-302-249683,233-302-249683,233-302-249698",http://www.boaghana.com,complaints@boaghana.com,https://www.bog.gov.gh/supervision-regulation/banking-supervision/banks
Banks,CalBank PLC,Head Office 45 Independence Ave P.O. Box 14596 Accra – Ghana,"233-302-680061, 233-302-680069",http://www.calbank.net,customercare@calbank.net,https://www.bog.gov.gh/supervision-regulation/banking-supervision/banks
Banks,Consolidated Bank Ghana Limited,"First Floor, Manet Tower 3, Airport City, Accra PMB CT363 ,Cantonments, Accra","233 302-634330, 233 302-634359, 233 302-216000",http://www.cbg.com.gh,info@cbg.com.gh,https://www.bog.gov.gh/supervision-regulation/banking-supervision/banks
Banks,Ecobank Ghana Plc,"2 Morocco Lane, Off Independence Avenue, P.O. Box: P.O. Box AN 16746, Accra North – Ghana","233 302-681146/8, 233 302-213999",http://www.ecobank.com,ecobankenquiries@ecobank.com,https://www.bog.gov.gh/supervision-regulation/banking-supervision/banks
Banks,Fidelity Bank (Ghana) LTD,"Ridge Towers – Ridge, Accra. PMB 43, Cantonments, Accra, Ghana.",233-302-214490,http://www.fidelitybank.com.gh,wecare@myfidelitybank.net,https://www.bog.gov.gh/supervision-regulation/banking-supervision/banks
Banks,First Atlantic Bank Limited,"233 -302-68 2203, 233-302-68 0825","233 -302-68 2203, 233-302-68 0825",http://www.firstatlanticbank.com.gh,Info@firstatlanticbank.com.gh,https://www.bog.gov.gh/supervision-regulation/banking-supervision/banks
Banks,First Bank (Ghana) LTD,"Head Office,Plot No. 678, Liberation Road, Airport, Accra, PMB No. 16, Accra North, Ghana","233-302-236136/235684, 233-302-238510, 233-302-235684, 233-302-236136, 233-302-235819",http://www.fbnbankghana.com,fbn@fbnbankghana.com,https://www.bog.gov.gh/supervision-regulation/banking-supervision/banks
Banks,First National Bank (Ghana) Limited,"Head Office, 6th Floor, Accra Financial Centre, Cnr. Independence Ave./Liberation Road, P.O. Box TU 23, Accra-Ghana",233-302-242435050,http://www.firstnationalbank.com.gh,info@firstnationalbank.com.gh,https://www.bog.gov.gh/supervision-regulation/banking-supervision/banks
Banks,GCB Bank Plc,"Head Office, High Street , 2 Thorpe Road, P.O. Box 134, Accra","233-302-672852, 233-302-664918, 233-302-663964, 233-302-672852-4, 233-302-672859, 233-302-672865, 233-302-663480, 233-302-664910",http://www.gcbbank.com.gh,corporateaffairs@gcb.com.gh,https://www.bog.gov.gh/supervision-regulation/banking-supervision/banks
Banks,Guaranty Trust Bank (Ghana) LTD,"25A, Castle Road, Ambassadorial Enclave, Ambassadorial Enclave, Ridge, PM.B CT 416, Accra – Ghana","233-302 - 680668, 233-302 - 676462, 233-302 - 687751, 233-302 - 680662, 233-302 - 680746, 233-302 - 676681, 233-302 - 201027, 233-303 - 201048, 233-302 - 816621-3",http://www.gtbghana.com,gh.corporateaffairs@gtbank.com,https://www.bog.gov.gh/supervision-regulation/banking-supervision/banks
Banks,National Investment Bank PLC,"Head Office, Manet Tower B, Airport City, Accra, P.O. Box 3726, Accra, Ghana. GPS Address: GL-116-4851",233-302-661701,http://www.nib-ghana.com,info@nib-ghana.com,https://www.bog.gov.gh/supervision-regulation/banking-supervision/banks
Banks,OmniBSIC Bank Ghana LTD,"Plot 16, Atlantic Tower, Airport City, Accra; P.O. Box KN 5569, Kaneshie, Accra. GPS Address: GL-126-3809","233-307-086000, 0800100790",http://www.omnibsic.com.gh,info@omnibsicbank.com.gh,https://www.bog.gov.gh/supervision-regulation/banking-supervision/banks
Banks,Prudential Bank Limited,"Head Office, Ring Road Central, PMB - General Post Office, Accra – Ghana",233-302-781200-7,http://www.prudentialbank.com.gh,headoffice@prudentialbank.com.gh,https://www.bog.gov.gh/supervision-regulation/banking-supervision/banks
Banks,Republic Bank (Ghana) PLC,"Head Office, Ebankese No. 35, Sixth Avenue, North Ridge, Accra – Ghana, P.O Box CT 4603, Cantonments,Accra – Ghana","233-302-242090-2, 233-302-242090-4",http://www.republicghana.com,email@republicghana.com,https://www.bog.gov.gh/supervision-regulation/banking-supervision/banks
Banks,Societe General Ghana Plc,"Head Office, P. O. Box 13119, Ring Road Central Accra, Accra - Ghana","233-302-202001, 233-302-248920, 233-577606464",http://www.societegenerale.com.gh,sgghana.info@socgen.com,https://www.bog.gov.gh/supervision-regulation/banking-supervision/banks
Banks,Stanbic Bank Ghana Limited,"Head Office, Stanbic Heights, 25 Liberation Link, Airport City, P.O. Box CT 2344, Cantonments, Accra-Ghana","233-302-687670-8, 233-302-687671, 233-302-687672, 233-302-687673-9",http://www.stanbicbank.com.gh,customercare@stanbic.com.gh,https://www.bog.gov.gh/supervision-regulation/banking-supervision/banks
Banks,Standard Chartered Bank Ghana Plc,"Head Office, No. 87 Independence Avenue, P.O. Box 768, Accra","233-302-664591-8, 233-302-740100",http://www.sc.com/gh,feedback.ghana@sc.com,https://www.bog.gov.gh/supervision-regulation/banking-supervision/banks
Banks,United Bank for Africa (Ghana) Limited,"PMB 29, Ministries, Heritage Towers, Ambassadorial Enclave, Off Liberia Road, Ridge, Accra-Ghana","233-302- 674085, 233-302-674089, 233-302-674056",http://www.ubagroup.com,,https://www.bog.gov.gh/supervision-regulation/banking-supervision/banks
Banks,Universal Merchant Bank Ghana LTD,"Airport City, SSNIT Emporium, P.O. Box 401, North Ridge, Accra-Ghana",233-302- 666331/6,http://www.myumbbank.com,info@myumbbank.com,https://www.bog.gov.gh/supervision-regulation/banking-supervision/banks
Banks,Zenith Bank (Ghana) Limited,"Head Office, Zenith Heights, No. 31 Independence Avenue, PMB CT 393, Cantonments, Accra","233-302-660075, 233-302-611500, 233-302-660079, 233-302-660091, 233-302-660093, 233-302-660095",http://www.zenithbank.com.gh,info@zenithbank.com.gh,https://www.bog.gov.gh/supervision-regulation/banking-supervision/banks
Savings & Loans,ABii National Savings and Loans Ltd,"Priority House, Avenor Junction (Near Joy FM), P. O. Box CT10067 , Cantonments , Accra","233-302-241050, 233-302-241050",http://www.abiinational.net,info@abiinational.net,https://www.bog.gov.gh/supervision-regulation/register-of-licensed-institutions/savings-loans/
Savings & Loans,Adehyeman Savings and Loans Company Ltd.,"No:C1/7, Faanofa Street, Kokomlemle, (Near Avenor Traffic Light), P.O. Box GP 13249, Accra-Ghana","233-302-252071, 233 302-289670, 233-302-208142, 233-302-244075",http://www.adehyeman.com,info@adehyeman.com,https://www.bog.gov.gh/supervision-regulation/register-of-licensed-institutions/savings-loans/
Savings & Loans,Advans Ghana Savings and Loans Ltd.,"Ground floor Oxford Cinema building (Accra New Town), P. O. Box AN 11426, Accra – North",233-307 084522,http://www.advansghana.com,,https://www.bog.gov.gh/supervision-regulation/register-of-licensed-institutions/savings-loans/
Savings & Loans,Affinity Ghana Savings and Loans Limited (formerly Payflex Microfinance),"House No. 6, 6th Street, Ringway Estates, Osu; P. O. Box OS 2475, Osu; GPS Address: GL-031-0776",233-302-773766; +233-501-504060,http://www.affinityghana.com,info@affinityghana.com,https://www.bog.gov.gh/supervision-regulation/register-of-licensed-institutions/savings-loans/
Savings & Loans,Asa Savings and Loans Company Limited,"Odokor- Mallam Highway, P. O. Box MP 1834, Mamprobi Accra",233-302-328405,http://www.asasavingandloans.com,info@asasavingsandloans.com,https://www.bog.gov.gh/supervision-regulation/register-of-licensed-institutions/savings-loans/
Savings & Loans,Bayport Savings and Loans Plc,"71 Osu Badu Street, Airport West, Accra, PMB 248, Accra North","233-302-745454, 233-302-910778, Toll free : +233-800-10016 (Vodafone only)",http://www.bayportghana.com,,https://www.bog.gov.gh/supervision-regulation/register-of-licensed-institutions/savings-loans/
Savings & Loans,Best Point Savings and Loans Ltd,"Old Peace FM Building, Mile 7, P. O. Box CT 10191, Cantonments, Accra",233-303 932990 - 4,http://www.bestpointgh.com,info@bestpointgh.com,https://www.bog.gov.gh/supervision-regulation/register-of-licensed-institutions/savings-loans/
Savings & Loans,Bond Savings and Loans Ltd,"Bond House, Meridian Road, P.O Box CO PMB 95, Tema","233-303-214444, 233-544314705, 233-303-304332",http://www.bond.com.gh,info@bond.com.gh,https://www.bog.gov.gh/supervision-regulation/register-of-licensed-institutions/savings-loans/
Savings & Loans,BRAC Ghana Savings and Loans Limited,"House No. 38, Swaniker Road, Abelenkpe, Accra; Ghana Post GPS Address: GA-125-7932",233-501-399676,,info.bgsl@brac.net,https://www.bog.gov.gh/supervision-regulation/register-of-licensed-institutions/savings-loans/
Savings & Loans,Direct Savings and Loans Limited,"No. 42A, Asofoanye A. Opeku Avenue, North Dzorwulu, off the Fiesta Royal Hotel and GIMPA Road, P.O. Box CT 8360, Cantonmnets, Accra","233-303-969550, 233-303-969555",http://www.directgh.com,info@directgh.com,https://www.bog.gov.gh/supervision-regulation/register-of-licensed-institutions/savings-loans/
Savings & Loans,Equity Savings and Loans Ltd.,"No. 16 Maseru Avenue, East Legon, P.O. Box CT 6382, Cantonments, Accra","233-302-541449, 233-302-541452, 233-302-544528",http://www.equitygh.com,,https://www.bog.gov.gh/supervision-regulation/register-of-licensed-institutions/savings-loans/
Savings & Loans,Golden Link Savings & Loans Ltd,"2 North Street, Tesano, P.O. Box 14117, Accra","233-302-223826, 233-302-223833, 233-302-223951",http://www.goldenlinkghana.com,info@goldenlinkghana.com,https://www.bog.gov.gh/supervision-regulation/register-of-licensed-institutions/savings-loans/
Savings & Loans,Golden Pride Savings and Loans Ltd,"House No. B3/131, Samora Machel Rd., Asylum Down, Accra, P.O. Box TU 66, Accra",233-032 286050,http://www.goldenpride.com.gh,info@goldenpride.com.gh,https://www.bog.gov.gh/supervision-regulation/register-of-licensed-institutions/savings-loans/
Savings & Loans,Izwe Savings and Loans PLC,"Maestro Plaza, Kotobabi High Street, Private Mail Bag GP 158, Accra",233- 302 251042,http://www.izweghana.com,info@izweghana.com,https://www.bog.gov.gh/supervision-regulation/register-of-licensed-institutions/savings-loans/
Savings & Loans,Jins Savings and Loans Ltd.,"53 Owoo Street, West Legon, Accra, P.O. Box 4566, Dome Kwabenya, Accra","233-302 419422, 233-302 419424",http://www.jinssavingsandloans.com,info@jinssavingsandloans.com,https://www.bog.gov.gh/supervision-regulation/register-of-licensed-institutions/savings-loans/
Savings & Loans,Letshego Savings and Loans Plc,"4th Floor Cocoshe House, Off Augusto Neto Road, Airport City, P.O. Box AN 7128, Adabraka , Accra","233-302-208340, 233-302-208342, 233-302-208333",http://www.afb.com.gh,info@afb.com.gh,https://www.bog.gov.gh/supervision-regulation/register-of-licensed-institutions/savings-loans/
Savings & Loans,Multi Credit Savings & Loans Co. Ltd.,"Trust House, Bantama High Street, P.O. Box 1920, Kumasi – Ashanti","233-322-37418, 233-322- 37419",http://www.mcslghana.com,info@mcslghana.com,https://www.bog.gov.gh/supervision-regulation/register-of-licensed-institutions/savings-loans/
Savings & Loans,Opportunity International Savings and Loans Co. Ltd,"No: D765/3, Kwame Nkrumah Avenue, P. O. Box JT 323, James Town, Accra","233-302 610000, 233-302 676661",http://www.opportunityghana.com,info@opportunityghana.com,https://www.bog.gov.gh/supervision-regulation/register-of-licensed-institutions/savings-loans/
Savings & Loans,Pacific Savings & Loans Co. Ltd.,"Plot Q.T.B, Adum, P.O. Box KS 1922, Kumasi - Ashanti","233 -3220-41051, 233-3220-41050, 233-3220-41054",http://www.pacificsavingsandloansgh.com,,https://www.bog.gov.gh/supervision-regulation/register-of-licensed-institutions/savings-loans/
Savings & Loans,Pan - African Savings and Loans Company LTD,"No. 19 Mayor Road, Ridge West, PMB CT 127, Cantonments, Accra",233-302-782751/7,http://www.panafricansl.com,info@panafricansl.com,https://www.bog.gov.gh/supervision-regulation/register-of-licensed-institutions/savings-loans/
Savings & Loans,Progress Savings and Loans Limited,"No. 7 Nii Yemoh Avenue OIC Road 3rd Floor Zion House , Shiashie, East Legon, Accra, P. O. Box ST 237, Accra","233-302 514000, 233-302 509013, 233-501 523473",http://www.progressghana.com,info@progessghana.com,https://www.bog.gov.gh/supervision-regulation/register-of-licensed-institutions/savings-loans/
Savings & Loans,Services Integrity Savings and Loans Ltd.,"Block 1, Labadi VillasBusiness Centre, Giffard Road, Burma Camp, Accra, PMB Burma Camp Post Office, Accra",233-544-322102,,,https://www.bog.gov.gh/supervision-regulation/register-of-licensed-institutions/savings-loans/
Savings & Loans,SIC Life Savings and Loans Ltd.,"Section 28, Block 15, Tudu, Accra,P. O. Box KN 4768 Kaneshie Accra, Adabraka - Accra","233-577 737826, 233-556 590241",http://www.siclifesl.com.gh,enquiries@siclifesl.com.gh,https://www.bog.gov.gh/supervision-regulation/register-of-licensed-institutions/savings-loans/
Savings & Loans,Sinapi Aba Savings and Loans Company Ltd,"22A Ellis Avenue, P. O. Box 4911, Nhyiaso, Kumasi",233-302-2030112,http://www.sinapiaba.com,infodesk@sinapiaba.com,https://www.bog.gov.gh/supervision-regulation/register-of-licensed-institutions/savings-loans/
Savings & Loans,The Seed Funds Savings and Loans Ltd,"Seed Funds Savings and Loans Ltd, Plot 32, Sixth Circular Road, P.O. Box CT 11172, Cantonments - Accra","233-561 111997, 233-561 111998",http://www.theseedfunds.com,info@theseedfunds.com,https://www.bog.gov.gh/supervision-regulation/register-of-licensed-institutions/savings-loans/
Savings & Loans,Utrak Savings and Loans Ltd,"Adum Kumasi, P. O. Box UP 1011, Kumasi",233-302 255476,,urak2000@yahoo.com,https://www.bog.gov.gh/supervision-regulation/register-of-licensed-institutions/savings-loans/
Finance Houses,Blue Financial Services Ghana Ltd.,"Matti House, No. 817/1, No. 2 Eleventh Lane, Ringway Estates, Osu – Accra, Cantonments, Accra","233-303-968898, 233-303-968196",http://www.bluefs.com.gh,info@bluefs.com.gh,https://www.bog.gov.gh/supervision-regulation/register-of-licensed-institutions/finance-houses/
Finance Houses,Chrisline Financial Services Ltd.,"Hse No. C97/2 Ayikuma Avenue, off Kwame Nkrumah Avenue, Adabraka, P. O. Box 4843, Accra","233-302-229552, 233-302-223313, 233-302-233331, 233-302-233325, 233-302-232263",http://www.chrislinegh.com,yourservices@chrislinegh.com,https://www.bog.gov.gh/supervision-regulation/register-of-licensed-institutions/finance-houses/
Finance Houses,Darfin Finance Company Ltd,"Building No. 2/31, Nsawam Rd, Tesano-Accra, (Adjacent Tesano Baptist Church). PMB AN 377, Accra-North Ghana Post System (GPS) Digital Address: GA 166 7503","233-302-201702, 233-55-8229858",http://www.darfinfinance.com,info@darfinfinance.com,https://www.bog.gov.gh/supervision-regulation/register-of-licensed-institutions/finance-houses/
Finance Houses,Forms Capital Limited,"Delmina Place, 29th Orphan Cresent, Labone, P. O. Box OS 1914, Osu-Accra","233-302-764660, 233-302-764659, 233-302-768324",http://www.formscapital.com,info@formscapital.com,https://www.bog.gov.gh/supervision-regulation/register-of-licensed-institutions/finance-houses/
Finance Houses,Jislah Financial Services,"Digitronix Plaza, Wawa Street, Off Royalt Castle Road, Kokomlemle, P.O Box OS. 1013, Osu, Accra",233-302-250092/3,,info@jislahfinancialservices.com,https://www.bog.gov.gh/supervision-regulation/register-of-licensed-institutions/finance-houses/
Finance Houses,N.D.K. Financial Services Ltd.,"No. 001, 28th February Road, Christianborg Osu, P.O.Box 3387, Accra","233-302-218444, Toll free: 0800-123123",http://www.ndkfinancialservices.com,info@ndkfinancialservice.com,https://www.bog.gov.gh/supervision-regulation/register-of-licensed-institutions/finance-houses/
Finance Houses,OAK Financial Services,"No. 5 Standfast Street, Kokomlemle, P.O. Box KIA 9526, Airport, Accra","233-302-227304, 233-302-230956, 233-201-321916",http://www.oakfinancialservices.com.gh,info@oakfinancialservices.com.gh,https://www.bog.gov.gh/supervision-regulation/register-of-licensed-institutions/finance-houses/
Finance Houses,Profin Ghana Limited,"No. 23 North Street, Tesano, P.O Box CT 3592, Cantonments, Accra",233-302-243045,http://www.profinghana.com,info@profinghana.com,https://www.bog.gov.gh/supervision-regulation/register-of-licensed-institutions/finance-houses/
Finance Houses,SDC Finance Ltd.,"Hse No.D921/3, Adjacent A.M.A, Asafoatse-Nettey Street, Post Office Square, High Street, P.O.Box14198, Accra",233 -302- 669372-5,http://www.sdcgh.com,services@sdcgh.com,https://www.bog.gov.gh/supervision-regulation/register-of-licensed-institutions/finance-houses/
Finance Houses,Syndicated Capital Finance Limited,"28 Farrar Avenue, Adabraka - Accra, P.O. Box AN 10927, Accra-North, Ghana",233-302-263145,http://www.syndicatedcapitalgh.com,finance@syndicatedcapitalgh.com,https://www.bog.gov.gh/supervision-regulation/register-of-licensed-institutions/finance-houses/
Finance Houses,TF Financial Services,"Teachers Fund Building, No. 59, 7th Avenue, North Ridge, P. O. Box 1756, Cantonments, Accra",233-302-302-223555,http://www.tffinancial.com.gh,info@tffinancial.com.gh,https://www.bog.gov.gh/supervision-regulation/register-of-licensed-institutions/finance-houses/
Other Banks,ARB Apex Bank Limited,"Head Office, P.O. Box GP 20321, Accra – Ghana",233-302-247633/250384/250387,http://www.arbapexbank.com,info@arbapexbank.com,https://www.bog.gov.gh/supervision-regulation/register-of-licensed-institutions/other-banks/
Microfinance Institutions,3AS MICROFINANCE LIMITED,P.O.Box AB 250 AKOSOMBO,0244167851,,3asmicrofinance@gmail.com,https://www.bog.gov.gh/supervision-regulation/ofisd/microfinance-institutions/
Microfinance Institutions,ADIPA MICROFINANCE LIMITED,P. O. BOX GP 13601; ACCRA,0303310668/03027802120/ 0244 363657/0244 648456/ 0209 386409,,tnartb@yahoo.co.uk,https://www.bog.gov.gh/supervision-regulation/ofisd/microfinance-institutions/
Microfinance Institutions,ADOM BOAFO MICROFINANCE LIMITED,P.O. BOX SK 805; SAKUMONO ESTATES; ACCRA,0267928055 /0244254308 / 0303203156/0501296195/0501296191,,adomicro@yahoo.com,https://www.bog.gov.gh/supervision-regulation/ofisd/microfinance-institutions/
Microfinance Institutions,AFRO-ARAB MICROFINANCE LIMITED,P. O. Box NM 523; Nima - Accra,0302252529 / 0244257965 / 0244620901 / 0246403421,,afro_arab@yahoo.com;info@afroarabmicrofin.com,https://www.bog.gov.gh/supervision-regulation/ofisd/microfinance-institutions/
Microfinance Institutions,ALBRIM MICROFINANCE LIMITED,P.O.BOX 3054 ACCRA,0264256729 / 0244 964064 / 0302 798585 / 0302 279201 / 0269 099639,,amfl@albrimgroup.com,https://www.bog.gov.gh/supervision-regulation/ofisd/microfinance-institutions/
Microfinance Institutions,ALPHAMAGA MICROFINANCE LIMITED,P.O.BOX 3; Kassah-Ada; Greater Accra,0242963644; 0267653142; 0289542290,,ocansey.john@yahoo.com,https://www.bog.gov.gh/supervision-regulation/ofisd/microfinance-institutions/
Microfinance Institutions,APA MICROFINANCE LIMITED,P. O. Box 631; Sunyani,0352195491,,apamfin@gmail.com,https://www.bog.gov.gh/supervision-regulation/ofisd/microfinance-institutions/
Microfinance Institutions,ASANKRAMAN MICROFINANCE LIMITED,P.O. BOX 30; ASANKRANGWA,0208078366/0209985400,,asankramanmicrofinance@gmail.com;justicegyan32@gmail.com,https://www.bog.gov.gh/supervision-regulation/ofisd/microfinance-institutions/
Microfinance Institutions,BAF MICROFINANCE LIMITED,P O BOX P. O. Box LT 25; Lartebiokorshie-Accra,0208567840 / 0243567840 / 0203567840,,bafmicro@gmail.com,https://www.bog.gov.gh/supervision-regulation/ofisd/microfinance-institutions/
Microfinance Institutions,BAOBAB MICROFINANCE COMPANY LIMITED,P.O BOX NR 550;TAMALE,0244384164 /0372027297 / 0372027852,,amarubilla@yahoo.com;baobabfinancial@yahoo.com,https://www.bog.gov.gh/supervision-regulation/ofisd/microfinance-institutions/
Microfinance Institutions,BENEFICIAL MICROFINANCE COMPANY LIMITED,P. O. Box 2125; Sunyani,0352097350/0208148036,,beneficialmicrofin@yahoo.com,https://www.bog.gov.gh/supervision-regulation/ofisd/microfinance-institutions/
Microfinance Institutions,BESWORTH MICROFINANCE LIMITED,P. O. Box MD 1038; Madina Accra,0202012203,,bestworth@yahoo.com;senyahandy@yahoo.com,https://www.bog.gov.gh/supervision-regulation/ofisd/microfinance-institutions/
Microfinance Institutions,BI MICROFINANCE LIMITED,P. O. Box SK 220 Sakumono,0202-600032,,info@bimicrofinance.com,https://www.bog.gov.gh/supervision-regulation/ofisd/microfinance-institutions/
Microfinance Institutions,BIDVEST MICROFINANCE LIMITED,P.O Box CT 10031; Cantonments; Accra,0243352117;0502102001,,info@bidvestghana.com;anita.dawsonamoah@bidvestghana.com;joe.essien@bidvestghana.com,https://www.bog.gov.gh/supervision-regulation/ofisd/microfinance-institutions/
Microfinance Institutions,BJ CAPITAL MICROFINANCE LIMITED,P. O. Box 3252 Accra,0244-149734/0232-961976,,,https://www.bog.gov.gh/supervision-regulation/ofisd/microfinance-institutions/
Microfinance Institutions,BOSTON PREMIER MICROFINANCE LIMITED,P.O.BOX AN 15078 Accra,0302631066,,info@bostonpremiergroup.com,https://www.bog.gov.gh/supervision-regulation/ofisd/microfinance-institutions/
Microfinance Institutions,CAGL MICROFINANCE SERVICES LIMITED,P O BOX SK 862; TEMA,0303 934487 / 0303400569,,info@caglfinance.com;equist@amodelgh.com,https://www.bog.gov.gh/supervision-regulation/ofisd/microfinance-institutions/
Microfinance Institutions,CAPITALNET MICROFINANCE LIMITED,P O BOX AT 860. ACHIMOTA. ACCRA,(23324) 498-1071/(0303932750),,info@capitalnet.com;info@capitalnet.us;capitalnetml@yahoo.com_x000D_,https://www.bog.gov.gh/supervision-regulation/ofisd/microfinance-institutions/
Microfinance Institutions,CASHBACK CAPITAL MICROFINANCE LIMITED,F266/6 Labone Crescen; Labone; Accra,0202220064,,anejieaawuah@yahoo.com;benjaminbdavies@yahoo.com,https://www.bog.gov.gh/supervision-regulation/ofisd/microfinance-institutions/
Microfinance Institutions,CASHPOINT MICROFINANCE LIMITED,P.O.BOX MC 788; TAKORADI; WR,0262768096 / 0501294419/0501294481,,info@cashpointgh.com,https://www.bog.gov.gh/supervision-regulation/ofisd/microfinance-institutions/
Microfinance Institutions,CEDI CAPITAL MICROFINANCE LIMITED,P.O. Box KN 130; Accra,0242851689/0302231110/0235009844/0235009485,,cedicapital@yahoo.com,https://www.bog.gov.gh/supervision-regulation/ofisd/microfinance-institutions/
Microfinance Institutions,CENTRAL MICROFINANCE LIMITED,P O Box 447 DANSOMAN,0272123123 /0573233400,,centralmicrofinance@hotmail.com;otuor@yahoo.com,https://www.bog.gov.gh/supervision-regulation/ofisd/microfinance-institutions/
Microfinance Institutions,CIDAN CAPITAL MICROFINANCE LIMITED,P. O. Box. BT 615; Tema_x000D_,0302 544 351,,info@cidaninvestments.com,https://www.bog.gov.gh/supervision-regulation/ofisd/microfinance-institutions/
Microfinance Institutions,CLASSIC MICROFINANCE LIMITED,BOX PMB 101;TEMA,0303217242,,isaac@classicmicrofinance.com,https://www.bog.gov.gh/supervision-regulation/ofisd/microfinance-institutions/
Microfinance Institutions,COASTAL COMMERCE MICROFINANCE LIMITED,P.O. BOX AX 168 ;TAKORADI,0244436774; 0289539945; 0202029036_x000D_ 0312001345_x000D_,,coastalcommerce@yahoo.com;ekowetse.coastal@gmail.com,https://www.bog.gov.gh/supervision-regulation/ofisd/microfinance-institutions/
Microfinance Institutions,CRAN MICROFINANCE LIMITED,P.O.Box UC 97; Cape Coast,0247816657,,info@cranmicrofinance.org;bturkson@cranmicrofinance.org;benjaminturkson@yahoo.co.uk,https://www.bog.gov.gh/supervision-regulation/ofisd/microfinance-institutions/
Microfinance Institutions,CREDIT NEST MICROFINANCE LIMITED,P.O. Box CO 3118 Accra North,0573390331/ 0244362075/ 0264830299,,creditnest@yahoo.com;foamankwah@gmail.com,https://www.bog.gov.gh/supervision-regulation/ofisd/microfinance-institutions/
Microfinance Institutions,DCI MICROFINANCE LIMITED,P.O.BOX PMB GP 167; Accra,030 2230 010,,info@diamondcapital.com.gh,https://www.bog.gov.gh/supervision-regulation/ofisd/microfinance-institutions/
Microfinance Institutions,DELTA MICROFINANCE LIMITED,P. O. Box 3275 Kaneshie,0302201711,,deltamicrofinance@gmail.com;edwardasiedu@ymail.com,https://www.bog.gov.gh/supervision-regulation/ofisd/microfinance-institutions/
Microfinance Institutions,DUNIA MICROFINANCE LIMITED,Box NT 549 Nima-Accra,0275793129/0236443503/0236443504,,info@duniamf.com,https://www.bog.gov.gh/supervision-regulation/ofisd/microfinance-institutions/
Microfinance Institutions,EAZY CAPITAL MICROFINANCE LIMITED,P.O.Box KD 164; Kanda Accra,0302220693/0302220694,,eazy.capital@yahoo.com,https://www.bog.gov.gh/supervision-regulation/ofisd/microfinance-institutions/
Microfinance Institutions,EDDIEVYN MICROFINANCE LIMITED,"P. O. Box CO 2636, Tema",0243553075,,eddievynmicrofinance1@gmail.com,https://www.bog.gov.gh/supervision-regulation/ofisd/microfinance-institutions/
Microfinance Institutions,EMAN CAPITAL MICROFINANCE LIMITED,P. O. Box KS 12351; Kumasi.,0243071710/0268880826/0322021373,,rtfinserv@yahoo.com,https://www.bog.gov.gh/supervision-regulation/ofisd/microfinance-institutions/
Microfinance Institutions,EQUITY FOCUS MICROFINANCE LIMITED,P.O. BOX KD 277; ACCRA,0208136837,,info@equityfocusltd.com,https://www.bog.gov.gh/supervision-regulation/ofisd/microfinance-institutions/
Microfinance Institutions,EV MICROFINANCE LIMITED,P.O. Box TS 406; Teshie; Accra,050133 8089,,info@evmicrofinance.com,https://www.bog.gov.gh/supervision-regulation/ofisd/microfinance-institutions/
Microfinance Institutions,EXPERT LINK MICROFINANCE LIMITED,P.O BOX 1674; SUYANI,0244526844 / 0501286658,,info@elmf.com.gh,https://www.bog.gov.gh/supervision-regulation/ofisd/microfinance-institutions/
Microfinance Institutions,FAMILY TRUST CAPITAL MICROFINANCE LIMITED,P.O.BOX CT 6056;CANTONMENTS,0243281242/0249850080,,ftcmicrofinance@gmail.com,https://www.bog.gov.gh/supervision-regulation/ofisd/microfinance-institutions/
Microfinance Institutions,FAST LINK MICROFINANCE LIMITED,"P. O. BOX 74, NAVRONGO",0209115979/ 0244585573,,,https://www.bog.gov.gh/supervision-regulation/ofisd/microfinance-institutions/
Microfinance Institutions,FAST TRACK MICROFINANCE LIMITED,P. O. Box KN 2300; Kaneshie; Accra,0501435871,,info@fasttrackmicrofinance.com,https://www.bog.gov.gh/supervision-regulation/ofisd/microfinance-institutions/
Microfinance Institutions,FED MICROFINANCE LIMITED,P.O Box KN3457 Kaneshie,0289533590/0302201990/0268192909,,fedfin2009@gmail.com,https://www.bog.gov.gh/supervision-regulation/ofisd/microfinance-institutions/
Microfinance Institutions,FIRST RATE MICROFINANCE LIMITED,P. O. Box Box 527; Takoradi,0302223390/0312025765/0204344828,,firstrateinvest@gmail.com,https://www.bog.gov.gh/supervision-regulation/ofisd/microfinance-institutions/
Microfinance Institutions,FORBES MICROFINANCE COMPANY LIMITED,P. O. Box GP 4250; Accra,0302 771057 / 0287 771057,,forbesmf2013@yahoo.com,https://www.bog.gov.gh/supervision-regulation/ofisd/microfinance-institutions/
Microfinance Institutions,FWF MICROFINANCE LIMITED,P. O. Box CO 1061; Tema,0274423837 / 0243667110,,fwfmicrofinance@yahoo.com,https://www.bog.gov.gh/supervision-regulation/ofisd/microfinance-institutions/
Microfinance Institutions,GAEWORNU MICROFINANCE SERVICES LIMITED,P.O. Box AK 166 Akasti Volta Region,0208129871 /0209259911,,gaewornumicrofinance@gmail.com;papasolo1967@yahoo.com,https://www.bog.gov.gh/supervision-regulation/ofisd/microfinance-institutions/
Microfinance Institutions,GAP MICROFINANCE LIMITED,P. O. Box OS 568 OSU-ACCRA,0302779670,,gapmfi@gmail.com;,https://www.bog.gov.gh/supervision-regulation/ofisd/microfinance-institutions/
Microfinance Institutions,GEEM MICROFINANCE COMPANY LIMITED,P. O. Box 256; Kwabenya; Accra,0202011585/ 0204333420,,gmicrofinance@gmail.com;gildekus@yahoo.com;,https://www.bog.gov.gh/supervision-regulation/ofisd/microfinance-institutions/
Microfinance Institutions,GEM CAPITAL MICROFINANCE LIMITED,P.O Box KD 59 Kanda,0302337711,,rkofori@gmail.com,https://www.bog.gov.gh/supervision-regulation/ofisd/microfinance-institutions/
Microfinance Institutions,GIFS MICROFINANCE LIMITED,P.O.BOX PC 95 KUMASI,0268737212 / 0322090070,,info@giffs.com;gifsmicrofinance@globalisfs.com,https://www.bog.gov.gh/supervision-regulation/ofisd/microfinance-institutions/
Microfinance Institutions,GLOBAFIN MICROFINANCE LIMITED,"P. O. Box SW 891, Agona Swedru",0577699963 / 033202059,,globafinmicrofinanceltd@gmail.com / info@globafinmicrofinanceltd.com,https://www.bog.gov.gh/supervision-regulation/ofisd/microfinance-institutions/
Microfinance Institutions,GOLDEN FOUNDATION MICROFINANCE LIMITED,P.O.Box SN 473; Santasi-Kumasi,0244641301/0279577518/0322392762,,goldenfoundation1@gmail.com,https://www.bog.gov.gh/supervision-regulation/ofisd/microfinance-institutions/
Microfinance Institutions,HIGH AGES MICROFINANCE LIMITED,P.O.Box 679; Sunyani,0352027394/0352097070/0244295680 0264414847/0266838600,,highages@gmail.com;fhighprestige@yahoo.com;poyc77@yahoo.com,https://www.bog.gov.gh/supervision-regulation/ofisd/microfinance-institutions/
Microfinance Institutions,HM PLUS MICROFINANCE LIMITED,P.O.Box SK 220; Sakumono-Accra,0209101444/0244518271/0243276657/0204820280/0203440911/0271919881/0303405311/0307031799,,info@hmplusfinance.com,https://www.bog.gov.gh/supervision-regulation/ofisd/microfinance-institutions/
Microfinance Institutions,HOB CAPITAL MICROFINANCE COMPANY LIMITED,P. O. Box 2035,03322-192448/ 0241-377397/ 0244-544986/ 0208-217754,,hobcapital@yahoo.com,https://www.bog.gov.gh/supervision-regulation/ofisd/microfinance-institutions/
Microfinance Institutions,HOPELINE MICROFINANCE LIMITED,P. O. BOX MD 886; Madina-Accra,0302959013/0244611300/0244789485,,hopelinemicrofinance@yahoo.co.uk;fannessi@yahoo.co.uk,https://www.bog.gov.gh/supervision-regulation/ofisd/microfinance-institutions/
Microfinance Institutions,IMPACT CAPITAL MICROFINANCE LIMITED,P. O. Box AN 5997; ACCRA NORTH,0241980953,,drusilla.carbutey@impactcapitalafrica.com,https://www.bog.gov.gh/supervision-regulation/ofisd/microfinance-institutions/
Microfinance Institutions,IMPACT MICROFINANCE COMPANY LIMITED,P. O. Box KS 10646; Kumasi,0322038874,,impactmfi9@gmail.com,https://www.bog.gov.gh/supervision-regulation/ofisd/microfinance-institutions/
Microfinance Institutions,INDEPENDENT MICROFINANCE LIMITED,P.O.Box 88; Prestea-WR,0501291523,,kbotwe2000@yahoo.com,https://www.bog.gov.gh/supervision-regulation/ofisd/microfinance-institutions/
Microfinance Institutions,INNOVATIVE MICROFINANCE LIMITED,P.O.BOX CT 153;Cantoments-Accra,0302258540/0302257107/0572778117,,info@imlfinance.com;sheila.azuntaba@imlfinance.com,https://www.bog.gov.gh/supervision-regulation/ofisd/microfinance-institutions/
Microfinance Institutions,INTEGRITY INFINITY MICROFINANCE LIMITED,P O BOX AD 70; CAPE COAST,0244908157/0332021251/0302993868,,archistorm@yahoo.com,https://www.bog.gov.gh/supervision-regulation/ofisd/microfinance-institutions/
Microfinance Institutions,INTERZEN MICROFINANCE LIMITED,P.O. Box 5; Old Ningo; Accra,02448993947/0302902736,,interzenmsl@yahoo.com;info@interzenmicrofinance.com,https://www.bog.gov.gh/supervision-regulation/ofisd/microfinance-institutions/
Microfinance Institutions,JACKFAUS MICROFINANCE LIMITED,P. O. Box TN 945 Accra,0302-779104,,yumicrofinance@gmail.com,https://www.bog.gov.gh/supervision-regulation/ofisd/microfinance-institutions/
Microfinance Institutions,JADEL PLUS MICROFINANCE COMPANY LIMITED,P. O. Box AN 6030; Accra North,0503880909/0302200855,,microfinance@jadelplus.com;opsmanager@jadelplus.com,https://www.bog.gov.gh/supervision-regulation/ofisd/microfinance-institutions/
Microfinance Institutions,JALLY MICROFINANCE COMPANY LIMITED,P. O.BOX 16499; Adum-Kumasi,0244035029/0322036493,,jallyltd@yahoo.com,https://www.bog.gov.gh/supervision-regulation/ofisd/microfinance-institutions/
Microfinance Institutions,JIREH MICROFINANCE LIMITED,P.O. Box AF 2806; Adenta Flats; Accra,0246734744/0506810301/0244566092,,info@jiremfl.com.gh,https://www.bog.gov.gh/supervision-regulation/ofisd/microfinance-institutions/
Microfinance Institutions,JITA CREDIT PARTNERS MICROFINANCE LIMITED,P. O. Box NB 406 Nii Boye Town; Accra,0243202274/0542350482,,jitacreditpartners@gmail.com;Info@Jitamicrofinance.com_x000D_,https://www.bog.gov.gh/supervision-regulation/ofisd/microfinance-institutions/
Microfinance Institutions,KASDAF MICROFINANCE COMPANY LIMITED,P. O. Box CO 4088; Tema,0244711355/0501274801,,kasdafmf@gmail.com,https://www.bog.gov.gh/supervision-regulation/ofisd/microfinance-institutions/
Microfinance Institutions,KENSTEP MICROFINANCE LIMITED,P.O.Box 16244 KIA; Accra,0302244718,,info@kenstepmicrofinance.com;ghanabase@yahoo.co.uk,https://www.bog.gov.gh/supervision-regulation/ofisd/microfinance-institutions/
Microfinance Institutions,KESINOR MICROFINANCE LIMITED,P.O.Box CT 3597; Cantoment-Accra,0244337311/0244368189/0540122443,,vidagraham@ymail.com;,https://www.bog.gov.gh/supervision-regulation/ofisd/microfinance-institutions/
Microfinance Institutions,KINGSBAN CAPITAL MICROFINANCE LIMITED,P. O. Box KN 850; Kaneshie; Accra,0501290182/0208383893,,Info@kbcmicrofinance.com;kbcmicrofinance@hotmail.co.uk_x000D_,https://www.bog.gov.gh/supervision-regulation/ofisd/microfinance-institutions/
Microfinance Institutions,LEVERAGE MICROFINANCE COMPANY LIMITED,P. O. Box DC 1343 DANSOMAN,0303933698/0302302961/0302313435/0244565033_x000D_ /0244702875 / 0303933698/0545180661,,info@leveragefinanceafrica.com,https://www.bog.gov.gh/supervision-regulation/ofisd/microfinance-institutions/
Microfinance Institutions,LITTLE ROCK MICROFINANCE COMPANY LIMITED,P. O. Box KN883 KANESHIE,0302963047/0267422158/0271040932,,naii@ymail.com,https://www.bog.gov.gh/supervision-regulation/ofisd/microfinance-institutions/
Microfinance Institutions,LOAN LINE MICROFINANCE LIMITED,P.O. Box AX 317;TAKORADI,0312001169 / 0209995640_x000D_ / 0209995639,,info@loanlinegh.com;kojo.nuako@loanlinegh.com,https://www.bog.gov.gh/supervision-regulation/ofisd/microfinance-institutions/
Microfinance Institutions,LOVE MICROFINANCE COMPANY LIMITED,P.O. Box 312 Koforidua,0342028361,,lovemicrofinance@gmail.com_x000D_,https://www.bog.gov.gh/supervision-regulation/ofisd/microfinance-institutions/
Microfinance Institutions,MABIA MICROFINANCE SERVICES LIMITED,P. O. BOX La 494; Labadi_x000D_ ACCRA,0260845696 / 0207007153 /_x000D_ 0501397833,,mabia.microfinance.services@gmail.com,https://www.bog.gov.gh/supervision-regulation/ofisd/microfinance-institutions/
Microfinance Institutions,MAROON CAPITAL MICROFINANCE LIMITED,P.O. Box AF 1290; Accra,0508346972,,info@marooncapitalgh.com,https://www.bog.gov.gh/supervision-regulation/ofisd/microfinance-institutions/
Microfinance Institutions,MEDI GHANA MICROFINANCE LIMITED,P.O. Box MD 1209 Medina; Accra,0302432961 / 0577666688,,info@medighana.org;esther.ashun@gmail.com,https://www.bog.gov.gh/supervision-regulation/ofisd/microfinance-institutions/
Microfinance Institutions,MGI MICROFINANCE LIMITED,P.O. Box SE2171; Suame; Kumasi,0245979990 / 028000210,,info@themgigroup.com,https://www.bog.gov.gh/supervision-regulation/ofisd/microfinance-institutions/
Microfinance Institutions,MID-COUNTY MICROFINANCE LIMITED,P. o. Box KJ 857 Kejetia Kumasi,0502330801 / 0244541914/ 0269740903 /0322398594_x000D_,,midcountymicrofinanceltd@gmail.com;info@mid-county.com_x000D_,https://www.bog.gov.gh/supervision-regulation/ofisd/microfinance-institutions/
Microfinance Institutions,MONICAPITAL MICROFINANCE LIMITED,P.O. Box TB 413. Taifa; North Accra,0302914377 / 0244913999,,info@monicapital.com;,https://www.bog.gov.gh/supervision-regulation/ofisd/microfinance-institutions/
Microfinance Institutions,MWINTUUR MICROFINANCE LIMITED,P. O. Box 391 Wa,0208238660 / 0204847663 / 0208560831,,mwintuurmicro12@gmail.com;mbangbie@yahoo.com,https://www.bog.gov.gh/supervision-regulation/ofisd/microfinance-institutions/
Microfinance Institutions,NAATOA MICROFINANCE SERVICES LIMITED,P.O Box 53. Mankessim,0544339180/ 0244341899/0544339171,,abrahamahinful@yahoo.com;naatoamicrofinance@gmail.com,https://www.bog.gov.gh/supervision-regulation/ofisd/microfinance-institutions/
Microfinance Institutions,NEEDS MICROFINANCE LIMITED,P. O. Box KIA 16193 Airport; Accra_x000D_,0302433937 / 0289548421,,needsmicrofinance@gmail.com;malyn6@yahoo.com,https://www.bog.gov.gh/supervision-regulation/ofisd/microfinance-institutions/
Microfinance Institutions,NEIGHBOURHOOD MICROFINANCE LIMITED,P. O. BOX SL 466 Tema,0303932079_x000D_ / 0261010951,,neighbourhood80@yahoo.com;neighbourhoodmicrofinance@gmail.com,https://www.bog.gov.gh/supervision-regulation/ofisd/microfinance-institutions/
Microfinance Institutions,NOBLE TRUST MICROFINANCE SERVICES LIMITED,P O BOX AN 7133; ACCRA NORTH,0302201664 / 0501335457,,nobletrustmicro@gmail.com;b.kese@yahoo.com,https://www.bog.gov.gh/supervision-regulation/ofisd/microfinance-institutions/
Microfinance Institutions,OCEAN CAPITAL MICROFINANCE LIMITED,P. O. Box SK 862 Sakumono - Accra,0207-293344,,,https://www.bog.gov.gh/supervision-regulation/ofisd/microfinance-institutions/
Microfinance Institutions,OLIVE BRANCH CAPITAL MICROFINANCE LIMITED,P.O.BOX KT 127; KOTOBABI-ACCRA;,0244231205,,olivecapital14@gmail.com;ellissass@yahoo.com,https://www.bog.gov.gh/supervision-regulation/ofisd/microfinance-institutions/
Microfinance Institutions,ONTIME MICROFINANCE LIMITED,P.O.Box NG 466 Nungua,0244106343 /0202967716,,gosh207@yahoo.com,https://www.bog.gov.gh/supervision-regulation/ofisd/microfinance-institutions/
Microfinance Institutions,OPTIONS MICROFINANCE COMPANY LIMITED,P.O.BOX 7; ACCRA,0244694091/ 0302225228,,pokab2007@yahoo.com,https://www.bog.gov.gh/supervision-regulation/ofisd/microfinance-institutions/
Microfinance Institutions,OSACS MICROFINANCE LIMITED,P. O. Box BJ 91 Awutu; Bawjiase,0243 414 268 / 0208 509 438,,osacsmicrofin@gmail.com,https://www.bog.gov.gh/supervision-regulation/ofisd/microfinance-institutions/
Microfinance Institutions,PAK MICROFINANCE COMPANY LIMITED,P.O. Box CT 1422; Cantonments -Accra,0302767861/0269629661_x000D_ 0233359145_x000D_,,mayann_mens@yahoo.com;info@pakmicrofinanceghana.com,https://www.bog.gov.gh/supervision-regulation/ofisd/microfinance-institutions/
Microfinance Institutions,PRIME INVEST MICROFINANCE LIMITED,P. O. Box 17366; Accra.,0267445525 / 0303938515,,info@primeinvest.com.gh;kesayisi@yahoo.com,https://www.bog.gov.gh/supervision-regulation/ofisd/microfinance-institutions/
Microfinance Institutions,PRINCIPAL CAPITAL MICROFINANCE LIMITED,P. O. Box CT 9878; Cantonments; Accra,0244373941/0244986088,,ckyeremeh@principalcapital.com.gh;ekonadu@principalcapital.com.gh,https://www.bog.gov.gh/supervision-regulation/ofisd/microfinance-institutions/
Microfinance Institutions,PURE EDEN MICROFINANCE COMPANY LIMITED,P. O. Box OD 154; Odorkor.,0204904049/0244858877,,joanapedo@yahoo.com,https://www.bog.gov.gh/supervision-regulation/ofisd/microfinance-institutions/
Microfinance Institutions,Q CAPITAL MICROFINANCE LIMITED,P.O.Box 4409 Accra,0302245942/ 0277600600/0244987011,,info@qcapital.com,https://www.bog.gov.gh/supervision-regulation/ofisd/microfinance-institutions/
Microfinance Institutions,QUALITY MICROFINANCE LIMITED,P.O. Box 9054; K.I.A; Accra,0243522359,,info.qualityfinance@yahoo.com;samuelakpaglo@gmail.com,https://www.bog.gov.gh/supervision-regulation/ofisd/microfinance-institutions/
Microfinance Institutions,QUICK CAPITAL MICROFINANCE LIMITED,P.O. Box KN 4983 Kaneshie; Accra,0502918678;0269595262,,quickcapitalgroup@gmail.com,https://www.bog.gov.gh/supervision-regulation/ofisd/microfinance-institutions/
Microfinance Institutions,QUICKEN MICROFINANCE LIMITED,P.O.BOX CS;8007; TEMA,0307020846-9,,services@qfsgroup.com,https://www.bog.gov.gh/supervision-regulation/ofisd/microfinance-institutions/
Microfinance Institutions,RAPID LINK MICROFINANCE LIMITED,P.O.Box CT2004 Cantoments; Accra,0202221234,,mbeah@hotmail.com,https://www.bog.gov.gh/supervision-regulation/ofisd/microfinance-institutions/
Microfinance Institutions,ROGAI MICROFINANCE LIMITED,P. O. Box AX 1379,031201973 / 0209177742/0271118006,,-,https://www.bog.gov.gh/supervision-regulation/ofisd/microfinance-institutions/
Microfinance Institutions,ROYALE MIKRI MICROFINANCE LIMITED,P.O.Box PMB; DTD 8720 Kumasi,0209171585/0244486532,,boakyeyam@gmail.com,https://www.bog.gov.gh/supervision-regulation/ofisd/microfinance-institutions/
Microfinance Institutions,SAFE MICROFINANCE COMPANY LIMITED,P. O. BOX KJ 80; Kumasi_x000D_ KUMASI,0322049188,,safemicrofinance@gmail.com,https://www.bog.gov.gh/supervision-regulation/ofisd/microfinance-institutions/
Microfinance Institutions,SECURE CAPITAL MICROFINANCE LIMITED,P. O. Box KS 941; Kumasi,0322230592/0501304306,,securecapital@ymail.com;mustapha7711@gmail.com,https://www.bog.gov.gh/supervision-regulation/ofisd/microfinance-institutions/
Microfinance Institutions,SHEEDY MICROFINANCE LIMITED,P. O. Box KW 172 Kasoa,0332197513/0303934391/0244367674,,sheedymfl@gmail.com,https://www.bog.gov.gh/supervision-regulation/ofisd/microfinance-institutions/
Microfinance Institutions,SHIELD MICROFINANCE COMPANY LIMITED,P. O. BOX GP 13197 ACCRA,0544356888/0244637830,,gocran@shieldinsurancebrokers.com.gh,https://www.bog.gov.gh/supervision-regulation/ofisd/microfinance-institutions/
Microfinance Institutions,SKILIMIT MICROFINANCE LIMITED,P O Box AX 1086; Takoradi,0312198096 / 0501334290,,skilimitmfi@gmail.com;ogoemoses@yahoo.co.uk,https://www.bog.gov.gh/supervision-regulation/ofisd/microfinance-institutions/
Microfinance Institutions,SOLIDARIO MICROFINANCE LIMITED,P.O Box AF 2963; Adenta; Accra,0302504205/0509039426/0208195380,,info@solidariomicrofinance.com; La.agyeman@gmail.com,https://www.bog.gov.gh/supervision-regulation/ofisd/microfinance-institutions/
Microfinance Institutions,SOLIS MICROFINANCE LIMITED,P. O. Box AN 15650; Accra North,0275906057/0541924309,,support@solisfinance.com,https://www.bog.gov.gh/supervision-regulation/ofisd/microfinance-institutions/
Microfinance Institutions,SPEED MICROFINANCE COMPANY GHANA LIMITED,P. O. BOX AN 19409_x000D_ ACCRA,0244746466 / 0243010116/0302984515; 0234744447;0234744448;0244969507,,raybismarck@hotmail.com;,https://www.bog.gov.gh/supervision-regulation/ofisd/microfinance-institutions/
Microfinance Institutions,SPRINGBOARD MICROFINANCE LIMITED,"P. O. BOX MP 2240, MAMPROBI, ACCRA",0246188820,,springboardmicrofinance@gmail.com,https://www.bog.gov.gh/supervision-regulation/ofisd/microfinance-institutions/
Microfinance Institutions,STEGENOR MICROFINANCE LIMITED,P.O. BOX 908 OBUASI,0243163900/0249536577/0243069614/0307032861,,stegenor@gmail.com,https://www.bog.gov.gh/supervision-regulation/ofisd/microfinance-institutions/
Microfinance Institutions,SUCCESS FOR PEOPLE MICROFINANCE LIMITED,P. O. Box LG1079; Legon,(0302) 681059/ (23324) 462-8473,,successforpeople@live.com,https://www.bog.gov.gh/supervision-regulation/ofisd/microfinance-institutions/
Microfinance Institutions,SUMMIT VISION MICROFINANCE SERVICES LIMITED,P. O. BOX GP 13221; ACCRA,0302232226/0207340538,,foboadu@yahoo.com;collinsaduntim42@gmail.com,https://www.bog.gov.gh/supervision-regulation/ofisd/microfinance-institutions/
Microfinance Institutions,SURGE MICROFINANCE LTD,P.O.Box KN 4870; Accra,0544330431/0302938823,,phildangh@yahoo.com;growthpioneersmf@gmail.com,https://www.bog.gov.gh/supervision-regulation/ofisd/microfinance-institutions/
Microfinance Institutions,TAILORED SOLUTIONS MICROFINANCE LIMITED,P O BOX 13367. ACCRA CENTRAL,0222511779 / 0265338227,,intfo@tsm.com.gh,https://www.bog.gov.gh/supervision-regulation/ofisd/microfinance-institutions/
Microfinance Institutions,TALENT MICROFINANCE SERVICES LIMITED,P. O. Box GP 20915. ACCRA.,0200885416/0302- 246429,,info@talentmicrofinance.com,https://www.bog.gov.gh/supervision-regulation/ofisd/microfinance-institutions/
Microfinance Institutions,THE MINT MICROFINANCE LIMITED,P. O Box CT 5046 ; Cantonments ; Accra,0204336006 / _x000D_ 0204336010_x000D_,,navissey@themintghana.com;emefful@hotjobsafrica.org,https://www.bog.gov.gh/supervision-regulation/ofisd/microfinance-institutions/
Microfinance Institutions,TIGER FORCE MICROFINANCE LIMITED,P. O. Box KN 725; KANESHIE,0302766725 / 024 4380003/0209203223,,percy@tigerforcegroup.org;info@tigerforcegroup.org,https://www.bog.gov.gh/supervision-regulation/ofisd/microfinance-institutions/
Microfinance Institutions,TRUSTWELL CAPITAL MICROFINANCE LIMITED,P. O. Box GP 14762; Adabraka,0302201968 / 0277790900,,trustwellcapital2013@gmail.com,https://www.bog.gov.gh/supervision-regulation/ofisd/microfinance-institutions/
Microfinance Institutions,UBUNTU CAPITAL MICROFINANCE LIMITED,P. O. Box CT5699 Cantonment; Accra,0501436201 / 0244894386 /0302541470,,info@ubuntucapitalgh.com,https://www.bog.gov.gh/supervision-regulation/ofisd/microfinance-institutions/
Microfinance Institutions,UDF MICROFINANCE LIMITED,P. O. Box KW1146; KWABENYA; ACCRA,0303932838/9,,info@udfmicrofinance.com;kdonkor@udfmicrofinance.com,https://www.bog.gov.gh/supervision-regulation/ofisd/microfinance-institutions/
Microfinance Institutions,UNI CAPITAL MICROFINANCE LIMITED,P. O. Box 829 Ashaiman_x000D_,020-8616060/0544-833309,,unicapitalbanking@yahoo.com,https://www.bog.gov.gh/supervision-regulation/ofisd/microfinance-institutions/
Microfinance Institutions,UNIMAS MICROFINANCE LIMITED,"P. O. BOX 11716, ACCRA - NORTH",0248951379/ 0549283620,,m.oyemade@gmail.com/hansonkweku@gmail.com,https://www.bog.gov.gh/supervision-regulation/ofisd/microfinance-institutions/
Microfinance Institutions,UNIVERSAL MICROFINANCE LIMITED,P.O.BOX ML 728; ACCRA,0302333660,,universalmfi@yahoo.com;info@universalmicrofinance.com;ceo@universalmicrofinance.com,https://www.bog.gov.gh/supervision-regulation/ofisd/microfinance-institutions/
Microfinance Institutions,UPTIMA CREDIT & MICROFINANCE HOUSE LIMITED,P. O. Box SK980; SAKUMONO; TEMA,0303313166/0506204006_x000D_ /0233281024/0269604000,,uptimahse@gmail.com,https://www.bog.gov.gh/supervision-regulation/ofisd/microfinance-institutions/
Microfinance Institutions,USAVE MICROFINANCE LIMITED,P. O. Box DK 383 Darkuman,0302329284,,usavemfi@gmail.com,https://www.bog.gov.gh/supervision-regulation/ofisd/microfinance-institutions/
Microfinance Institutions,VIVANTTI MICROFINANCE COMPANY LIMITED,P.O.Box LG 501; Legon,0303934569 / 0243878597,,donmilla@gmail.com,https://www.bog.gov.gh/supervision-regulation/ofisd/microfinance-institutions/
Microfinance Institutions,WALLSTREET MICROFINANCE LIMITED,P. O. Box X 581; FNT,0322001055/ 0501319276,,wallstreetgh@yahoo.com,https://www.bog.gov.gh/supervision-regulation/ofisd/microfinance-institutions/
Microfinance Institutions,WEMA MICROFINANCE LIMITED,P. O. Box KW36; Kwabenya,0203001468; 0208501703,,wemamicrofinanceltd@gmail.com,https://www.bog.gov.gh/supervision-regulation/ofisd/microfinance-institutions/
Microfinance Institutions,WEST ONE MICROFINANCE LIMITED,P. O. Box AN11894; Accra-North,0267-513853 /0207088161/0362194281_x000D_,,info@westonemicrofinance.com;paul.asuming@westonemicrofinance.com;precious.danso@westonemicrofinance.com,https://www.bog.gov.gh/supervision-regulation/ofisd/microfinance-institutions/
Microfinance Institutions,WESTLAKE CAPITAL MICROFINANCE LIMITED,P. O. Box CT 2322 Cantonments_x000D_,030-2201602/020-6452655,,,https://www.bog.gov.gh/supervision-regulation/ofisd/microfinance-institutions/
Microfinance Institutions,YAALEX MICROFINANCE LIMITED,P. O. BOX 860 _x000D_ TAKORADI,0208198477/ 0312020757,,yawlex@yahoo.com;eric.quayson@yahoo.com,https://www.bog.gov.gh/supervision-regulation/ofisd/microfinance-institutions/
Microfinance Institutions,YILO STAR MICROFINANCE LIMITED,P.O.BOX SA 272; AKUTUNYA-SOMANYA,0501354435-6 / 0208214399,,yilostarmicrofinanceltd@gmail.com,https://www.bog.gov.gh/supervision-regulation/ofisd/microfinance-institutions/
Financial NGOs,ASRUD FNGO LIMITED,,0244835624 / 0208136790,,asrudghana2007@gmail.com,https://www.bog.gov.gh/supervision-regulation/ofisd/financial-ngos/
Financial NGOs,BEVAUD SUPPORT FOUNDATION FNGO,,0322026030 / 028227637 / 0244 820435,,bvds.foundation@yahoo.com;edwardakugri@yahoo.com,https://www.bog.gov.gh/supervision-regulation/ofisd/financial-ngos/
Financial NGOs,CARD FNGO,,0372023512,,cardghana@yahoo.com,https://www.bog.gov.gh/supervision-regulation/ofisd/financial-ngos/
Financial NGOs,CEDI FOUNDATION FNGO,,0322035616/0208121124,,cedifinance@yahoo.com,https://www.bog.gov.gh/supervision-regulation/ofisd/financial-ngos/
Financial NGOs,DAASGIFT QUALITY FOUNDATION FNGO,,0243326178,,giftyasmah@daasgift.org,https://www.bog.gov.gh/supervision-regulation/ofisd/financial-ngos/
Financial NGOs,IMPERIAL TRUST FNGO,,0302-814404/0249-265488,,,https://www.bog.gov.gh/supervision-regulation/ofisd/financial-ngos/
Financial NGOs,INITIATIVE DEVELOPMENT GHANA FNGO,,,,e.korankye@yahoo.co.uk;s_dugbazah@yahoo.com,https://www.bog.gov.gh/supervision-regulation/ofisd/financial-ngos/
Financial NGOs,MAATA-N-TUDU FNGO,,0208412491 / 0372022916,,matantuduwa@gmail.com; info@maata-n-tudu.org,https://www.bog.gov.gh/supervision-regulation/ofisd/financial-ngos/
Financial NGOs,MANNA PROJECTS - FNGO,,0322051655/0322051938_x000D_,,mannaprojects@yahoo.com,https://www.bog.gov.gh/supervision-regulation/ofisd/financial-ngos/
Financial NGOs,SALT TO GHANA FNGO,,0501317377 / 0265407510 / 0201317377,,eric@salttoghana.org,https://www.bog.gov.gh/supervision-regulation/ofisd/financial-ngos/
Financial NGOs,SUN SHADE FOUNDATION FNGO,,0322026397 / 0263473170,,info@mysunshades.org,https://www.bog.gov.gh/supervision-regulation/ofisd/financial-ngos/
Financial NGOs,UNIVERSAL CAPITAL FNGO,,0596312360/ 0362027790,,universalcapitalfunds@gmail.com,https://www.bog.gov.gh/supervision-regulation/ofisd/financial-ngos/
Foreign Exchange Bureaux,88 Forex Bureau Limited,forexbureau88@gmail.com,0547880766 / 0244755708,,,https://www.bog.gov.gh/supervision-regulation/ofisd/forex-exchange-bureaux/
Foreign Exchange Bureaux,108 Forex Bureau Limited,108forexbureaultd@gmail.com,0208112030,,,https://www.bog.gov.gh/supervision-regulation/ofisd/forex-exchange-bureaux/
Foreign Exchange Bureaux,1st African Forex Bureau Limited,firstafricanforexbureau@1stafrican.com,0501288808,,,https://www.bog.gov.gh/supervision-regulation/ofisd/forex-exchange-bureaux/
Foreign Exchange Bureaux,1st Choice Forex Bureau Limited,firstchoice@gmail.com,0274072670,,,https://www.bog.gov.gh/supervision-regulation/ofisd/forex-exchange-bureaux/
Foreign Exchange Bureaux,1st Light Forex Bureau Limited,1stlightfxb@gmail.com,0246467984,,,https://www.bog.gov.gh/supervision-regulation/ofisd/forex-exchange-bureaux/
Foreign Exchange Bureaux,2 Gees Forex Bureau Limited,simpsonkobinah@yahoo.com,0244259137,,,https://www.bog.gov.gh/supervision-regulation/ofisd/forex-exchange-bureaux/
Foreign Exchange Bureaux,A & B Forex Bureau Limited,anbforexbureau@gmail.com,0302677538 / 0233532053,,,https://www.bog.gov.gh/supervision-regulation/ofisd/forex-exchange-bureaux/
Foreign Exchange Bureaux,A & E Forex Bureau Limited,aeforexbureau@yahoo.com,0209319557,,,https://www.bog.gov.gh/supervision-regulation/ofisd/forex-exchange-bureaux/
Foreign Exchange Bureaux,A AND H Forex Bureau Limited,anhforexbureaultd@gmail.com,0244745075,,,https://www.bog.gov.gh/supervision-regulation/ofisd/forex-exchange-bureaux/
Foreign Exchange Bureaux,A B C Forex Bureau Limited,abcforexbureau@yahoo.com,0245306646,,,https://www.bog.gov.gh/supervision-regulation/ofisd/forex-exchange-bureaux/
Foreign Exchange Bureaux,Abdex Forex Bureau Limited,abdexforexbureaultd@gmail.com,0266342900 ; 0302776097,,,https://www.bog.gov.gh/supervision-regulation/ofisd/forex-exchange-bureaux/
Foreign Exchange Bureaux,ABH Forex Bureau Limited,abhforexbureaultd@gmail.com,0242323034,,,https://www.bog.gov.gh/supervision-regulation/ofisd/forex-exchange-bureaux/
Foreign Exchange Bureaux,Abolowe Forex Bureau Limited,aboloweforexbureaultd@gmail.com,0244105534,,,https://www.bog.gov.gh/supervision-regulation/ofisd/forex-exchange-bureaux/
Foreign Exchange Bureaux,Abyamas Forex Bureau Limited,abyamas@gmail.com,0244269315,,,https://www.bog.gov.gh/supervision-regulation/ofisd/forex-exchange-bureaux/
Foreign Exchange Bureaux,Accra City Hotels Forex Bureau Limited,costacct@accracityhotel.com,0207586139,,,https://www.bog.gov.gh/supervision-regulation/ofisd/forex-exchange-bureaux/
Foreign Exchange Bureaux,Acorn Forex Bureau Limited,,,,,https://www.bog.gov.gh/supervision-regulation/ofisd/forex-exchange-bureaux/
Foreign Exchange Bureaux,Act Forex Bureau Limited,actforexbureau@yahoo.com,0244581138 ;0302797980,,,https://www.bog.gov.gh/supervision-regulation/ofisd/forex-exchange-bureaux/
Foreign Exchange Bureaux,Acumed Forex Bureau Limited,acumedfxx@gmail.com,0243469854,,,https://www.bog.gov.gh/supervision-regulation/ofisd/forex-exchange-bureaux/
Foreign Exchange Bureaux,Adams Forex Bureau Limited,aadamsforexbureau@gmail.com,0302667863,,,https://www.bog.gov.gh/supervision-regulation/ofisd/forex-exchange-bureaux/
Foreign Exchange Bureaux,Adess Africa Forex Bureau Limited,adessafricaforexbureau@gmail.com,0246942424/ 0246551519,,,https://www.bog.gov.gh/supervision-regulation/ofisd/forex-exchange-bureaux/
Foreign Exchange Bureaux,Aero Cash Forex Bureau Limited,areocashforex@gmail.com,0244484069 ; 0200117582,,,https://www.bog.gov.gh/supervision-regulation/ofisd/forex-exchange-bureaux/
Foreign Exchange Bureaux,Africa House Forex Bureau Limited,africahousefb@yahoo.com,0244680632,,,https://www.bog.gov.gh/supervision-regulation/ofisd/forex-exchange-bureaux/
Foreign Exchange Bureaux,African Express Forex Bureau Limited,afrikanexpress@yahoo.com,0277181113,,,https://www.bog.gov.gh/supervision-regulation/ofisd/forex-exchange-bureaux/
Foreign Exchange Bureaux,African Revival Forex Bureau Limited,africanrevivalforexbureau@gmail.com,0244442977 / 0244733651,,,https://www.bog.gov.gh/supervision-regulation/ofisd/forex-exchange-bureaux/
Foreign Exchange Bureaux,Africana Forex Bureau Limited,africanaforexbureau@gmail.com,0546512042 ; 0322026339,,,https://www.bog.gov.gh/supervision-regulation/ofisd/forex-exchange-bureaux/
Foreign Exchange Bureaux,Africhange Forex Bureau Limited,africhangeforex@yahoo.com,0277452799,,,https://www.bog.gov.gh/supervision-regulation/ofisd/forex-exchange-bureaux/
Foreign Exchange Bureaux,Afriswap Forex Bureau Limited,dzifa@afriswap.com,0558739330,,,https://www.bog.gov.gh/supervision-regulation/ofisd/forex-exchange-bureaux/
Foreign Exchange Bureaux,Agyapong Forex Bureau Limited,agyapongfxb2017@gmail.com,0274899962,,,https://www.bog.gov.gh/supervision-regulation/ofisd/forex-exchange-bureaux/
Foreign Exchange Bureaux,Aim High Forex Bureau Limited,aimhighforex@gmail.com / mmppng@gmail.com,0230775501 / 0244075991/,,,https://www.bog.gov.gh/supervision-regulation/ofisd/forex-exchange-bureaux/
Foreign Exchange Bureaux,Aims Afrique Forex Bureau Limited,aimsafriqueforexbureau@gmail.com,0209031503 / 0303204706,,,https://www.bog.gov.gh/supervision-regulation/ofisd/forex-exchange-bureaux/
Foreign Exchange Bureaux,Air Commerce Forex Bureau Limited,aircommerceforexbureau@gmail.com,0570482224,,,https://www.bog.gov.gh/supervision-regulation/ofisd/forex-exchange-bureaux/
Foreign Exchange Bureaux,Akwaaba Forex Bureau Limited,akwaabafb@yahoo.com,0244688078,,,https://www.bog.gov.gh/supervision-regulation/ofisd/forex-exchange-bureaux/
Foreign Exchange Bureaux,Alabar Forex Bureau Limited,alabarforexbureau@gmail.com,0244264985,,,https://www.bog.gov.gh/supervision-regulation/ofisd/forex-exchange-bureaux/
Foreign Exchange Bureaux,Albrim Forex Bureau Limited,albrimforexbureau@outlook.com,0577700902,,,https://www.bog.gov.gh/supervision-regulation/ofisd/forex-exchange-bureaux/
Foreign Exchange Bureaux,Al-Gidi Forex Bureau Limited,eso2eso1@yahoo.com,0244772956,,,https://www.bog.gov.gh/supervision-regulation/ofisd/forex-exchange-bureaux/
Foreign Exchange Bureaux,Al-Huda Forex Bureau Limited,alhudaforex@gmail.com,0244628184,,,https://www.bog.gov.gh/supervision-regulation/ofisd/forex-exchange-bureaux/
Foreign Exchange Bureaux,Ali Brothers Forex Bureau Limited,alibrothersforexbureau@gmail.com,0244951379,,,https://www.bog.gov.gh/supervision-regulation/ofisd/forex-exchange-bureaux/
Foreign Exchange Bureaux,Alibax Forex Bureau Limited,fxalibax@gmail.com,0208127804 / 0264245073,,,https://www.bog.gov.gh/supervision-regulation/ofisd/forex-exchange-bureaux/
Foreign Exchange Bureaux,Alisam Capital Forex Bureau Limited,alisamforexbureau@gmail.com,0244099781,,,https://www.bog.gov.gh/supervision-regulation/ofisd/forex-exchange-bureaux/
Foreign Exchange Bureaux,Alisma Forex Bureau Limited,alismaforex@gmail.com,0273611484,,,https://www.bog.gov.gh/supervision-regulation/ofisd/forex-exchange-bureaux/
Foreign Exchange Bureaux,All Day Forex Bureau Limited,alldayfxbureau@gmail.com,0267423356,,,https://www.bog.gov.gh/supervision-regulation/ofisd/forex-exchange-bureaux/
Foreign Exchange Bureaux,Al-Mal Forex Bureau Limited,almal.forexbureau@gmail.com,0247249201,,,https://www.bog.gov.gh/supervision-regulation/ofisd/forex-exchange-bureaux/
Foreign Exchange Bureaux,Al-Yazid Forex Bureau Limited,alyazidforex@gmail.com,0244719060 ; 0244737028,,,https://www.bog.gov.gh/supervision-regulation/ofisd/forex-exchange-bureaux/
Foreign Exchange Bureaux,Amazing Forex Bureau Limited,aamazingforexbureau@gmail.com,0244288534,,,https://www.bog.gov.gh/supervision-regulation/ofisd/forex-exchange-bureaux/
Foreign Exchange Bureaux,Amex Forex Bureau Limited,perebrimgroup@hotmail.com,0302223835,,,https://www.bog.gov.gh/supervision-regulation/ofisd/forex-exchange-bureaux/
Foreign Exchange Bureaux,Aminaser Forex Bureau Limited,aminaserforexbureau@gmail.com,0244670648,,,https://www.bog.gov.gh/supervision-regulation/ofisd/forex-exchange-bureaux/
Foreign Exchange Bureaux,Amslim Forex Bureau Limited,fxamslim@gmail.com,0202232223 / 024531880,,,https://www.bog.gov.gh/supervision-regulation/ofisd/forex-exchange-bureaux/
Foreign Exchange Bureaux,Anambra Forex Bureau Limited,anambraforexbureau@gmail.com,0207900004,,,https://www.bog.gov.gh/supervision-regulation/ofisd/forex-exchange-bureaux/
Foreign Exchange Bureaux,Annafi Forex Bureau Limited,annafiforex@gmail.com,0302667749,,,https://www.bog.gov.gh/supervision-regulation/ofisd/forex-exchange-bureaux/
Foreign Exchange Bureaux,ANP Forex Bureau Limited,anpforexbureau@gmail.com,0242885474; 0208176927,,,https://www.bog.gov.gh/supervision-regulation/ofisd/forex-exchange-bureaux/
Foreign Exchange Bureaux,Anukwale Forex Bureau Limited,anukwale@outlook.com,0543563595,,,https://www.bog.gov.gh/supervision-regulation/ofisd/forex-exchange-bureaux/
Foreign Exchange Bureaux,Apex Forex Bureau Limited,apexforexbureaultd@yahoo.com,0243585773,,,https://www.bog.gov.gh/supervision-regulation/ofisd/forex-exchange-bureaux/
Foreign Exchange Bureaux,Ashton Forex Bureau Limited,forex@ashtongh.com,0246275941,,,https://www.bog.gov.gh/supervision-regulation/ofisd/forex-exchange-bureaux/
Foreign Exchange Bureaux,Avenue Forex Bureau Limited,avenueforex@yahoo.com,0208117380,,,https://www.bog.gov.gh/supervision-regulation/ofisd/forex-exchange-bureaux/
Foreign Exchange Bureaux,Azido Forex Bureau Limited,azidoforexbureau@gmail.com,0244288534,,,https://www.bog.gov.gh/supervision-regulation/ofisd/forex-exchange-bureaux/
Foreign Exchange Bureaux,Baidari Forex Bureau Limited,baidariforexbureaultd@gmail.com,0242686670,,,https://www.bog.gov.gh/supervision-regulation/ofisd/forex-exchange-bureaux/
Foreign Exchange Bureaux,Banjoe Forex Bureau Limited,banjoefxb@gmail.com,0576007254,,,https://www.bog.gov.gh/supervision-regulation/ofisd/forex-exchange-bureaux/
Foreign Exchange Bureaux,Barms Forex Bureau Limited,barmsforexbureau@gmail.com,0244241117,,,https://www.bog.gov.gh/supervision-regulation/ofisd/forex-exchange-bureaux/
Foreign Exchange Bureaux,Basasco Forex Bureau Limited,basascofxbureauaccra@gmail.com,0244273978,,,https://www.bog.gov.gh/supervision-regulation/ofisd/forex-exchange-bureaux/
Foreign Exchange Bureaux,Basmabrim Forex Bureau Limited,perebrimgroup@hotmail.com,0246178846,,,https://www.bog.gov.gh/supervision-regulation/ofisd/forex-exchange-bureaux/
Foreign Exchange Bureaux,Bellview Forex Bureau Limited,bellviewforexbureau@yahoo.com,0243274524 ; 0244623309; 0265952641,,,https://www.bog.gov.gh/supervision-regulation/ofisd/forex-exchange-bureaux/
Foreign Exchange Bureaux,Bestway Forex Bureau Limited,bestwayforexbureau@gmail.com,0249714991,,,https://www.bog.gov.gh/supervision-regulation/ofisd/forex-exchange-bureaux/
Foreign Exchange Bureaux,Bext Nascent Forex Bureau Limited,bextnascentforexbureau@gmail.com,0264726601 / 0244941323,,,https://www.bog.gov.gh/supervision-regulation/ofisd/forex-exchange-bureaux/
Foreign Exchange Bureaux,Big J Forex Bureau Limited,bigjforex@gmail.com,0243274046,,,https://www.bog.gov.gh/supervision-regulation/ofisd/forex-exchange-bureaux/
Foreign Exchange Bureaux,Bigdo Forex Bureau Limited,bigdoforex@gmail.com,0244627684,,,https://www.bog.gov.gh/supervision-regulation/ofisd/forex-exchange-bureaux/
Foreign Exchange Bureaux,Bilal Forex Bureau Limited,bilalforexbureau@gmail.com,0244664920,,,https://www.bog.gov.gh/supervision-regulation/ofisd/forex-exchange-bureaux/
Foreign Exchange Bureaux,Bismart Forex Bureau Limited,bismartforexbureau@gmail.com,0558852846,,,https://www.bog.gov.gh/supervision-regulation/ofisd/forex-exchange-bureaux/
Foreign Exchange Bureaux,Bolaji Forex Bureau Limited,bolajiforexbureau@gmail.com,0242834521,,,https://www.bog.gov.gh/supervision-regulation/ofisd/forex-exchange-bureaux/
Foreign Exchange Bureaux,Bulisa Forex Bureau Limited,bulisaforexbureau222@gmail.com,0244826991,,,https://www.bog.gov.gh/supervision-regulation/ofisd/forex-exchange-bureaux/
Foreign Exchange Bureaux,C. K.'S Forex Bureau Limited,cksforexbureau@yahoo.com,0243680927,,,https://www.bog.gov.gh/supervision-regulation/ofisd/forex-exchange-bureaux/
Foreign Exchange Bureaux,Cardillac Forex Bureau Limited,Delali.agbodza@outlook.com,0243541615,,,https://www.bog.gov.gh/supervision-regulation/ofisd/forex-exchange-bureaux/
Foreign Exchange Bureaux,Casa De Cambio Forex Bureau Limited,casadecambiofxb@yahoo.com,0244708058,,,https://www.bog.gov.gh/supervision-regulation/ofisd/forex-exchange-bureaux/
Foreign Exchange Bureaux,Cash Joint Forex Bureau Limited,cashjointbureau@yahoo.com,0244462000; 0268313372,,,https://www.bog.gov.gh/supervision-regulation/ofisd/forex-exchange-bureaux/
Foreign Exchange Bureaux,CashPlus Forex Bureau Limited,cashplusforexbureau@yahoo.com,0242134147,,,https://www.bog.gov.gh/supervision-regulation/ofisd/forex-exchange-bureaux/
Foreign Exchange Bureaux,Cash Point Forex Bureau Limited,cashpoint88@yahoo.co.uk,0272727955 ; 0243754404 ; 0243466647,,,https://www.bog.gov.gh/supervision-regulation/ofisd/forex-exchange-bureaux/
Foreign Exchange Bureaux,C'cal Forex Bureau Limited,ashplusforexbureaultd@yahoo.com,0244536177,,,https://www.bog.gov.gh/supervision-regulation/ofisd/forex-exchange-bureaux/
Foreign Exchange Bureaux,Cedi Top Forex Bureau Limited,cediforex@gmail.com,0246031757,,,https://www.bog.gov.gh/supervision-regulation/ofisd/forex-exchange-bureaux/
Foreign Exchange Bureaux,Cedi Wise Forex Bureau Limited,cediwise7@gmail.com,0263153711 ; 0244367010 ; 0265294495,,,https://www.bog.gov.gh/supervision-regulation/ofisd/forex-exchange-bureaux/
Foreign Exchange Bureaux,Charda Forex Bureau Limited,chardaforex17@gmail.com,0200418272 ; 0243660644,,,https://www.bog.gov.gh/supervision-regulation/ofisd/forex-exchange-bureaux/
Foreign Exchange Bureaux,Check Point Forex Bureau Limited,checkpointforexbureau@gmail.com,0273265528 ; 0208122829; 0243466645,,,https://www.bog.gov.gh/supervision-regulation/ofisd/forex-exchange-bureaux/
Foreign Exchange Bureaux,Cica Forex Bureau Limited,cicaforexbureau@yahoo.com,0260580313,,,https://www.bog.gov.gh/supervision-regulation/ofisd/forex-exchange-bureaux/
Foreign Exchange Bureaux,City Bureau De Change Forex Bureau Limited,citybureau2018@gmail.com,0307032546,,,https://www.bog.gov.gh/supervision-regulation/ofisd/forex-exchange-bureaux/
Foreign Exchange Bureaux,City-Main Forex Bureau Limited,citymainforex@yahoo.com,0244289282 / 0277635164,,,https://www.bog.gov.gh/supervision-regulation/ofisd/forex-exchange-bureaux/
Foreign Exchange Bureaux,Coastal Forex Bureau Limited,coastalforx@gmail.com,0332134068,,,https://www.bog.gov.gh/supervision-regulation/ofisd/forex-exchange-bureaux/
Foreign Exchange Bureaux,Coconut Grove Forex Bureau Limited,forex@coconutgrovehotelsghana.com,0307060201,,,https://www.bog.gov.gh/supervision-regulation/ofisd/forex-exchange-bureaux/
Foreign Exchange Bureaux,Codco Forex Bureau Limited,codcoforexbureau@gmail.com,0244048998,,,https://www.bog.gov.gh/supervision-regulation/ofisd/forex-exchange-bureaux/
Foreign Exchange Bureaux,Control Forex Bureau Limited,controlforexbureaultd@gmail.com,0203525335,,,https://www.bog.gov.gh/supervision-regulation/ofisd/forex-exchange-bureaux/
Foreign Exchange Bureaux,Cosmos Forex Bureau Limited,cosmosfb2014@gmail.com,0244371830,,,https://www.bog.gov.gh/supervision-regulation/ofisd/forex-exchange-bureaux/
Foreign Exchange Bureaux,Costa Forex Bureau Limited,costaforexbureau@yahoo.com,0208119085,,,https://www.bog.gov.gh/supervision-regulation/ofisd/forex-exchange-bureaux/
Foreign Exchange Bureaux,Covenant Forex Bureau Limited,covenantfxb@gmail.com,0244648102; 0279000368,,,https://www.bog.gov.gh/supervision-regulation/ofisd/forex-exchange-bureaux/
Foreign Exchange Bureaux,Current Forex Bureau Limited,currentforexbureau@gmail.com,0272273331,,,https://www.bog.gov.gh/supervision-regulation/ofisd/forex-exchange-bureaux/
Foreign Exchange Bureaux,Dalabu Forex Bureau Limited,dalabuforexbureau@yahoo.com,0244418003,,,https://www.bog.gov.gh/supervision-regulation/ofisd/forex-exchange-bureaux/
Foreign Exchange Bureaux,Damarsia Forex Bureau Limited,damarsiaforexbureau@gmail.com,0244931332,,,https://www.bog.gov.gh/supervision-regulation/ofisd/forex-exchange-bureaux/
Foreign Exchange Bureaux,Darrah Forex Bureau Limited,darrah.forexbureau@yahoo.com,0242540219,,,https://www.bog.gov.gh/supervision-regulation/ofisd/forex-exchange-bureaux/
Foreign Exchange Bureaux,Dawula Forex Bureau Limited,dawulaforexbureau@gmail.com,0243274524; 0544907624,,,https://www.bog.gov.gh/supervision-regulation/ofisd/forex-exchange-bureaux/
Foreign Exchange Bureaux,Dee Dee Forex Bureau Limited,deedeeforexbureau@yahoo.com,0245003766,,,https://www.bog.gov.gh/supervision-regulation/ofisd/forex-exchange-bureaux/
Foreign Exchange Bureaux,Dellino Forex Bureau Limited,dellinoforexbureau@gmail.com,0248135766,,,https://www.bog.gov.gh/supervision-regulation/ofisd/forex-exchange-bureaux/
Foreign Exchange Bureaux,Diamond Forex Bureau Limited,diamondforexbureaultd@gmail.com,0244521293,,,https://www.bog.gov.gh/supervision-regulation/ofisd/forex-exchange-bureaux/
Foreign Exchange Bureaux,Dianamos Forex Bureau Limited,dianamosforex@gmail.com,0244721566,,,https://www.bog.gov.gh/supervision-regulation/ofisd/forex-exchange-bureaux/
Foreign Exchange Bureaux,Dollar-Juan Forex Bureau Limited,dollarjuanforexbureau@gmail.com,0248940755 / 0267412931,,,https://www.bog.gov.gh/supervision-regulation/ofisd/forex-exchange-bureaux/
Foreign Exchange Bureaux,Downtown Virgins Forex Bureau Limited,downtownvirgins@gmail.com,0244258437 ; 0244333266,,,https://www.bog.gov.gh/supervision-regulation/ofisd/forex-exchange-bureaux/
Foreign Exchange Bureaux,Dr. K Forex Bureau Limited,dr.k.forexbureaultd@gmail.com,0244974509,,,https://www.bog.gov.gh/supervision-regulation/ofisd/forex-exchange-bureaux/
Foreign Exchange Bureaux,East Street Forex Bureau Limited,eaststreetforexb@yahoo.com,0322021037; 0208222822,,,https://www.bog.gov.gh/supervision-regulation/ofisd/forex-exchange-bureaux/
Foreign Exchange Bureaux,Edorrus Forex Bureau Limited,edorrussforex@yahoo.com,0243274524 ; 0244723911 ;0206566190,,,https://www.bog.gov.gh/supervision-regulation/ofisd/forex-exchange-bureaux/
Foreign Exchange Bureaux,Efoshie Forex Bureau Limited,eeackahyensu@hotmail.com,0244691552,,,https://www.bog.gov.gh/supervision-regulation/ofisd/forex-exchange-bureaux/
Foreign Exchange Bureaux,Egem Forex Bureau Limited,egemforexbureaultd@gmail.com,05444182929,,,https://www.bog.gov.gh/supervision-regulation/ofisd/forex-exchange-bureaux/
Foreign Exchange Bureaux,Eighth March Forex Bureau Limited,8thmarchfx@gmail.com,0243880492; 0302918709; 0244668899,,,https://www.bog.gov.gh/supervision-regulation/ofisd/forex-exchange-bureaux/
Foreign Exchange Bureaux,Eli-K's Forex Bureau Limited,eliksbureau@gmail.com,0244276809,,,https://www.bog.gov.gh/supervision-regulation/ofisd/forex-exchange-bureaux/
Foreign Exchange Bureaux,Emirate Forex Bureau Limited,emirateforex@gmail.com,0244273315,,,https://www.bog.gov.gh/supervision-regulation/ofisd/forex-exchange-bureaux/
Foreign Exchange Bureaux,Emmajets Forex Bureau Limited,emmajetsforexbureau@gmail.com,0249216541,,,https://www.bog.gov.gh/supervision-regulation/ofisd/forex-exchange-bureaux/
Foreign Exchange Bureaux,Emmanuel Forex Bureau Limited,emmanuelforexbureau90@gmail.com,0322026671,,,https://www.bog.gov.gh/supervision-regulation/ofisd/forex-exchange-bureaux/
Foreign Exchange Bureaux,Eno Forex Bureau Limited,enoforexbureau@gmail.com,0244706157,,,https://www.bog.gov.gh/supervision-regulation/ofisd/forex-exchange-bureaux/
Foreign Exchange Bureaux,Equinox Forex Bureau Limited,equinoxforexbureau@gmail.com,0242530427,,,https://www.bog.gov.gh/supervision-regulation/ofisd/forex-exchange-bureaux/
Foreign Exchange Bureaux,Esam Forex Bureau Limited,esamforexbureau.ltd@gmail.com,0208212940 ; 0208115715; 0244222267,,,https://www.bog.gov.gh/supervision-regulation/ofisd/forex-exchange-bureaux/
Foreign Exchange Bureaux,Eskamo Forex Bureau Limited,eeskamoforexbureau@gmail.com,0244511680,,,https://www.bog.gov.gh/supervision-regulation/ofisd/forex-exchange-bureaux/
Foreign Exchange Bureaux,Essah Forex Bureau Limited,essahforex@yahoo.com,0302851036; 0202127580; 0243110168,,,https://www.bog.gov.gh/supervision-regulation/ofisd/forex-exchange-bureaux/
Foreign Exchange Bureaux,Excellent Choice Forex Bureau Limited,excellentchoiceforexbureau@gmail.com,0208154847,,,https://www.bog.gov.gh/supervision-regulation/ofisd/forex-exchange-bureaux/
Foreign Exchange Bureaux,Face Two Forex Bureau Limited,face2forexbureau@gmail.com,0244378260,,,https://www.bog.gov.gh/supervision-regulation/ofisd/forex-exchange-bureaux/
Foreign Exchange Bureaux,Fads Forex Bureau Limited,fadsforexbureaultd@gmail.com,0246511247,,,https://www.bog.gov.gh/supervision-regulation/ofisd/forex-exchange-bureaux/
Foreign Exchange Bureaux,Fair Conversion Forex Bureau Limited,fairconversionforexbureau@gmail.com,0200304266 / 0244207111/,,,https://www.bog.gov.gh/supervision-regulation/ofisd/forex-exchange-bureaux/
Foreign Exchange Bureaux,Farmers Forex Bureau Limited,farmersbureausyi@gmail.com,0207131723,,,https://www.bog.gov.gh/supervision-regulation/ofisd/forex-exchange-bureaux/
Foreign Exchange Bureaux,Fastway Forex Bureau Limited,astway635@gmail.com,0244857540; 0208111963,,,https://www.bog.gov.gh/supervision-regulation/ofisd/forex-exchange-bureaux/
Foreign Exchange Bureaux,Fatcoms Forex Bureau Limited,fatcomsforexb@gmail.com,0244264985,,,https://www.bog.gov.gh/supervision-regulation/ofisd/forex-exchange-bureaux/
Foreign Exchange Bureaux,First Executive Forex Bureau Limited,firstexecutiveforexbureaultd@gmail.com,0268867798/0243274524,,,https://www.bog.gov.gh/supervision-regulation/ofisd/forex-exchange-bureaux/
Foreign Exchange Bureaux,Forbes Forex Bureau Limited,forbesforexbureau@gmail.com,0244894244,,,https://www.bog.gov.gh/supervision-regulation/ofisd/forex-exchange-bureaux/
Foreign Exchange Bureaux,Foundation Forex Bureau Limited,foundationforexbureau@gmail.com,0544482470,,,https://www.bog.gov.gh/supervision-regulation/ofisd/forex-exchange-bureaux/
Foreign Exchange Bureaux,Friends and Helpers Forex Bureau Limited,friendsandhelpers.forexbureau@gmail.com,0207131723,,,https://www.bog.gov.gh/supervision-regulation/ofisd/forex-exchange-bureaux/
Foreign Exchange Bureaux,Fugu Forex Bureau Limited,fuguforex45@gmail.com,0244063496,,,https://www.bog.gov.gh/supervision-regulation/ofisd/forex-exchange-bureaux/
Foreign Exchange Bureaux,Gambaga Forex Bureau Limited,gambagaforexbureau@gmail.com,0263999591,,,https://www.bog.gov.gh/supervision-regulation/ofisd/forex-exchange-bureaux/
Foreign Exchange Bureaux,Ganest Forex Bureau Limited,ganestforexbureau@gmail.com,0244181773,,,https://www.bog.gov.gh/supervision-regulation/ofisd/forex-exchange-bureaux/
Foreign Exchange Bureaux,Garman Forex Bureau Limited,manforexbureau@gmail.com,0266514135,,,https://www.bog.gov.gh/supervision-regulation/ofisd/forex-exchange-bureaux/
Foreign Exchange Bureaux,Gausu Forex Bureau Limited,gausuforexbureau@gmail.com,0244846521,,,https://www.bog.gov.gh/supervision-regulation/ofisd/forex-exchange-bureaux/
Foreign Exchange Bureaux,Geotel Forex Bureau Limited,geotelforexbureau@gmail.com,0244696264,,,https://www.bog.gov.gh/supervision-regulation/ofisd/forex-exchange-bureaux/
Foreign Exchange Bureaux,Get More Forex Bureau Limited,getmore.forexbureau@yahoo.com,0263668276,,,https://www.bog.gov.gh/supervision-regulation/ofisd/forex-exchange-bureaux/
Foreign Exchange Bureaux,Ghintex Forex Bureau Limited,ghintexforexbureau@gmail.com,0244574134,,,https://www.bog.gov.gh/supervision-regulation/ofisd/forex-exchange-bureaux/
Foreign Exchange Bureaux,Gina Forex Bureau Limited,ginaforexbureau@gmail.com,0244706157,,,https://www.bog.gov.gh/supervision-regulation/ofisd/forex-exchange-bureaux/
Foreign Exchange Bureaux,Giosap Forex Bureau Limited,giosapforexbureau@gmail.com,0202020206,,,https://www.bog.gov.gh/supervision-regulation/ofisd/forex-exchange-bureaux/
Foreign Exchange Bureaux,Giwah Forex Bureau Limited,giwahforexbureau2@gmail.com,0208111524,,,https://www.bog.gov.gh/supervision-regulation/ofisd/forex-exchange-bureaux/
Foreign Exchange Bureaux,Global Exchange Forex Bureau Limited,globalexchangeforexbureaultd@gmail.com,0249475429,,,https://www.bog.gov.gh/supervision-regulation/ofisd/forex-exchange-bureaux/
Foreign Exchange Bureaux,Glomyers Forex Bureau Limited,glomyersforexbureau@outlook.com,0244616895,,,https://www.bog.gov.gh/supervision-regulation/ofisd/forex-exchange-bureaux/
Foreign Exchange Bureaux,GoldLink Forex Bureau Limited,goldlinkforexbureau@gmail.com,0208141041; 0244054125,,,https://www.bog.gov.gh/supervision-regulation/ofisd/forex-exchange-bureaux/
Foreign Exchange Bureaux,Gold Rush Forex Bureau Limited,perebrimgroup@hotmail.com,0244885782 ; 0302432598,,,https://www.bog.gov.gh/supervision-regulation/ofisd/forex-exchange-bureaux/
Foreign Exchange Bureaux,Golden Cross Forex Bureau Limited,goldencrossforexbureau@yahoo.com,0243005577,,,https://www.bog.gov.gh/supervision-regulation/ofisd/forex-exchange-bureaux/
Foreign Exchange Bureaux,Golden Expression Forex Bureau Limited,geexpression@gmail.com,0547332580,,,https://www.bog.gov.gh/supervision-regulation/ofisd/forex-exchange-bureaux/
Foreign Exchange Bureaux,Gracious Home Forex Bureau Limited,gracioushomef@gmail.com,0244435833,,,https://www.bog.gov.gh/supervision-regulation/ofisd/forex-exchange-bureaux/
Foreign Exchange Bureaux,Green Forex Bureau Limited,forexbureaugreen@gmail.com,0547880766,,,https://www.bog.gov.gh/supervision-regulation/ofisd/forex-exchange-bureaux/
Foreign Exchange Bureaux,Hadrams Forex Bureau Limited,hardramsforexbureau@yahoo.com,0274481552,,,https://www.bog.gov.gh/supervision-regulation/ofisd/forex-exchange-bureaux/
Foreign Exchange Bureaux,Haliseko Forex Bureau Limited,halisekoforexbureau@gmail.com,0244258041,,,https://www.bog.gov.gh/supervision-regulation/ofisd/forex-exchange-bureaux/
Foreign Exchange Bureaux,Hamdani Ya Forex Bureau Limited,hamdaniyaforexbureau@yahoo.com,0244963239,,,https://www.bog.gov.gh/supervision-regulation/ofisd/forex-exchange-bureaux/
Foreign Exchange Bureaux,Hassib Forex Bureau Limited,hassibforexbureau@gmail.com,0246623434,,,https://www.bog.gov.gh/supervision-regulation/ofisd/forex-exchange-bureaux/
Foreign Exchange Bureaux,Hayrat Forex Bureau Limited,hayrat_forexbureau@yahoo.com,0244361663,,,https://www.bog.gov.gh/supervision-regulation/ofisd/forex-exchange-bureaux/
Foreign Exchange Bureaux,Highway Forex Bureau Limited,bureauhighway@gmail.com,0246266466,,,https://www.bog.gov.gh/supervision-regulation/ofisd/forex-exchange-bureaux/
Foreign Exchange Bureaux,H K Forex Bureau Limited,hkforexbureau@gmail.com,0244230277,,,https://www.bog.gov.gh/supervision-regulation/ofisd/forex-exchange-bureaux/
Foreign Exchange Bureaux,HolyChild Forex Bureau Limited,forexbureauholychild@gmail.com,0243464621,,,https://www.bog.gov.gh/supervision-regulation/ofisd/forex-exchange-bureaux/
Foreign Exchange Bureaux,Honourable Forex Bureau Limited,honourableforexbureau@outlook.com,0240696561,,,https://www.bog.gov.gh/supervision-regulation/ofisd/forex-exchange-bureaux/
Foreign Exchange Bureaux,Hotel Investments (Ghana)Forex Bureau Limited,hotelinvestmentsforexbureau@gmail.com,0277601171,,,https://www.bog.gov.gh/supervision-regulation/ofisd/forex-exchange-bureaux/
Foreign Exchange Bureaux,Idemahl Forex Bureau Limited,idemahlforex.bureau@yahoo.com,0244766943; 0267774972,,,https://www.bog.gov.gh/supervision-regulation/ofisd/forex-exchange-bureaux/
Foreign Exchange Bureaux,Ijaaz Forex Bureau Limited,ijaazforexbureau@gmail.com,0270728000,,,https://www.bog.gov.gh/supervision-regulation/ofisd/forex-exchange-bureaux/
Foreign Exchange Bureaux,Imani Forex Bureau Limited,imani.forexbureau@gmail.com,0552290248,,,https://www.bog.gov.gh/supervision-regulation/ofisd/forex-exchange-bureaux/
Foreign Exchange Bureaux,Imperial Forex Bureau Limited,preshlartey@yahoo.com,0244636755,,,https://www.bog.gov.gh/supervision-regulation/ofisd/forex-exchange-bureaux/
Foreign Exchange Bureaux,In God We Trust Forex Bureau Limited,ingodwetrustforex2@gmail.com,0244361315,,,https://www.bog.gov.gh/supervision-regulation/ofisd/forex-exchange-bureaux/
Foreign Exchange Bureaux,Insaaniyya Forex Bureau Limited,insaaniyyaforexbureau@gmail.com,0244459837,,,https://www.bog.gov.gh/supervision-regulation/ofisd/forex-exchange-bureaux/
Foreign Exchange Bureaux,Inspiring Forex Bureau Limited,inspiringforexbureau@gmail.com,0303938003,,,https://www.bog.gov.gh/supervision-regulation/ofisd/forex-exchange-bureaux/
Foreign Exchange Bureaux,Inter City Forex Bureau Limited,intercitybureau1@gmail.com,0245766992,,,https://www.bog.gov.gh/supervision-regulation/ofisd/forex-exchange-bureaux/
Foreign Exchange Bureaux,Inusa Forex Bureau Limited,inusahforexbureau@gmail.com,0241618125,,,https://www.bog.gov.gh/supervision-regulation/ofisd/forex-exchange-bureaux/
Foreign Exchange Bureaux,Iris Forex Bureau Limited,irisforexbltd@gmail.com,0504848000,,,https://www.bog.gov.gh/supervision-regulation/ofisd/forex-exchange-bureaux/
Foreign Exchange Bureaux,Ir-Kul Forex Bureau Limited,irkulforexbureau@yahoo.com,0244508635,,,https://www.bog.gov.gh/supervision-regulation/ofisd/forex-exchange-bureaux/
Foreign Exchange Bureaux,Ishmak Forex Bureau Limited,ishmakforexbureau@yahoo.com,0244385726,,,https://www.bog.gov.gh/supervision-regulation/ofisd/forex-exchange-bureaux/
Foreign Exchange Bureaux,Jaad Forex Bureau Limited,jaadforexbureau@gmail.com,0244169139,,,https://www.bog.gov.gh/supervision-regulation/ofisd/forex-exchange-bureaux/
Foreign Exchange Bureaux,Jafa Forex Bureau Limited,jafaforexbureau@gmail.com,0244169139,,,https://www.bog.gov.gh/supervision-regulation/ofisd/forex-exchange-bureaux/
Foreign Exchange Bureaux,Janguay Forex Bureau Limited,nanabaidoomtn@gmail.com,0241305673 ; 0279862349,,,https://www.bog.gov.gh/supervision-regulation/ofisd/forex-exchange-bureaux/
Foreign Exchange Bureaux,Jewell Forex Bureau Limited,jewelforexbureau@yahoo.com,0208112892,,,https://www.bog.gov.gh/supervision-regulation/ofisd/forex-exchange-bureaux/
Foreign Exchange Bureaux,Jibrin Forex Bureau Limited,gibrilsanusi50@gmail.com/bbbitugu@gmail.com/jibrinforexbureaultd@gmail.com,550025049,,,https://www.bog.gov.gh/supervision-regulation/ofisd/forex-exchange-bureaux/
Foreign Exchange Bureaux,JJ Forex Bureau Limited,jjforexbureaultd@gmail.com,0302711181,,,https://www.bog.gov.gh/supervision-regulation/ofisd/forex-exchange-bureaux/
Foreign Exchange Bureaux,Joe Forex Bureau Limited,joeforexbureau@gmail.com,244054125,,,https://www.bog.gov.gh/supervision-regulation/ofisd/forex-exchange-bureaux/
Foreign Exchange Bureaux,Johnsons Forex Bureau Limited,johnsonslimited12@gmail.com,0322026336,,,https://www.bog.gov.gh/supervision-regulation/ofisd/forex-exchange-bureaux/
Foreign Exchange Bureaux,Juno Forex Bureau Limited,junoforexbureau@yahoo.com,0208118203,,,https://www.bog.gov.gh/supervision-regulation/ofisd/forex-exchange-bureaux/
Foreign Exchange Bureaux,Just In Time Forex Bureau Limited,justintimeforexbureaultd@gmail.com,0541515551,,,https://www.bog.gov.gh/supervision-regulation/ofisd/forex-exchange-bureaux/
Foreign Exchange Bureaux,K And A Forex Bureau Limited,kanda049@yahoo.com,0246516588 / 0208434088,,,https://www.bog.gov.gh/supervision-regulation/ofisd/forex-exchange-bureaux/
Foreign Exchange Bureaux,K The B Forex Bureau Limited,kthebforexbureau@gmail.com,024353598; 0322032371 ; 0244186796,,,https://www.bog.gov.gh/supervision-regulation/ofisd/forex-exchange-bureaux/
Foreign Exchange Bureaux,K&P Global Forex Bureau Limited,kuuku79@yahoo.co.uk,0242850042,,,https://www.bog.gov.gh/supervision-regulation/ofisd/forex-exchange-bureaux/
Foreign Exchange Bureaux,Kafsons Forex Bureau Limited,kafsonsforexbureau@gmail.com,0244678332,,,https://www.bog.gov.gh/supervision-regulation/ofisd/forex-exchange-bureaux/
Foreign Exchange Bureaux,Kaneshie Central Forex Bureau Limited,kcfbgwallet13@gmail.com,0203005881,,,https://www.bog.gov.gh/supervision-regulation/ofisd/forex-exchange-bureaux/
Foreign Exchange Bureaux,Kash Forex Bureau Limited,kashforex1@gmail.com,0541956381,,,https://www.bog.gov.gh/supervision-regulation/ofisd/forex-exchange-bureaux/
Foreign Exchange Bureaux,Kaybrim Forex Bureau Limited,perebrimgroup@hotmail.com,0208113208,,,https://www.bog.gov.gh/supervision-regulation/ofisd/forex-exchange-bureaux/
Foreign Exchange Bureaux,KDC Forex Bureau Limited,kdcforexbureau@gmail.com,0557822877,,,https://www.bog.gov.gh/supervision-regulation/ofisd/forex-exchange-bureaux/
Foreign Exchange Bureaux,Kedge Forex Bureau Limited,kedgeforexbureaultd@gmail.com,0544458770,,,https://www.bog.gov.gh/supervision-regulation/ofisd/forex-exchange-bureaux/
Foreign Exchange Bureaux,Keepers Forex Bureau Limited,keepersforexbureau@gmail.com,0555158169,,,https://www.bog.gov.gh/supervision-regulation/ofisd/forex-exchange-bureaux/
Foreign Exchange Bureaux,Kinarash Forex Bureau Limited,kinarash@gmail.com,0244286402 ;0203676204 ; 0244413786,,,https://www.bog.gov.gh/supervision-regulation/ofisd/forex-exchange-bureaux/
Foreign Exchange Bureaux,KLF Forex Bureau Limited,klfbureau@gmail.com,0246273015,,,https://www.bog.gov.gh/supervision-regulation/ofisd/forex-exchange-bureaux/
Foreign Exchange Bureaux,K-Mart Forex Bureau Limited,kmartforexbureau@gmail.com,0553800083,,,https://www.bog.gov.gh/supervision-regulation/ofisd/forex-exchange-bureaux/
Foreign Exchange Bureaux,KNK Forex Bureau Limited,fmbghgh@gmail.com,244363018,,,https://www.bog.gov.gh/supervision-regulation/ofisd/forex-exchange-bureaux/
Foreign Exchange Bureaux,Koajay Forex Bureau Limited,koajayforexbureau@yahoo.com,0244264286,,,https://www.bog.gov.gh/supervision-regulation/ofisd/forex-exchange-bureaux/
Foreign Exchange Bureaux,Kontire Forex Bureau Limited,kontireforex@gmail.com,0322025157,,,https://www.bog.gov.gh/supervision-regulation/ofisd/forex-exchange-bureaux/
Foreign Exchange Bureaux,Kophei Forex Bureau Limited,kopheifxb@yahoo.com,0267864140 ; 0246329880,,,https://www.bog.gov.gh/supervision-regulation/ofisd/forex-exchange-bureaux/
Foreign Exchange Bureaux,Kosec Forex Bureau Limited,kosecforexbureau@gmail.com,0208170290,,,https://www.bog.gov.gh/supervision-regulation/ofisd/forex-exchange-bureaux/
Foreign Exchange Bureaux,Kumas Forex Bureau Limited,kumasforexbureau@gmail.com,0243440004,,,https://www.bog.gov.gh/supervision-regulation/ofisd/forex-exchange-bureaux/
Foreign Exchange Bureaux,Kyeswin Forex Bureau Limited,kyeswin.fb@yahoo.com,0322026079 ; 0266104886 ; 0232089377,,,https://www.bog.gov.gh/supervision-regulation/ofisd/forex-exchange-bureaux/
Foreign Exchange Bureaux,La Market Forex Bureau Limited,lamarketfbureau11@yahoo.com,0302779829,,,https://www.bog.gov.gh/supervision-regulation/ofisd/forex-exchange-bureaux/
Foreign Exchange Bureaux,Lakesight Forex Bureau Limited,lakesightforexbureau1@gmail.com,0244948088,,,https://www.bog.gov.gh/supervision-regulation/ofisd/forex-exchange-bureaux/
Foreign Exchange Bureaux,La-Paix Forex Bureau Limited,lapaixforexbureau@yahoo.com,0242005522,,,https://www.bog.gov.gh/supervision-regulation/ofisd/forex-exchange-bureaux/
Foreign Exchange Bureaux,Life Gate Forex Bureau Limited,lifegateforex@gmail.com,0244202171,,,https://www.bog.gov.gh/supervision-regulation/ofisd/forex-exchange-bureaux/
Foreign Exchange Bureaux,Link Road Forex Bureau Limited,linkroadforexbureau@gmail.com,0202222323,,,https://www.bog.gov.gh/supervision-regulation/ofisd/forex-exchange-bureaux/
Foreign Exchange Bureaux,Linos Forex Bureau Limited,linosforexbureau@gmail.com,0552637795,,,https://www.bog.gov.gh/supervision-regulation/ofisd/forex-exchange-bureaux/
Foreign Exchange Bureaux,Lloyds Forex Bureau Limited,llyodfxb.info@yahoo.com/lloydforex@gmail.com/llyodforexorass@gmail.com,0244941323; 026724666; 0279382463; 0243241851,,,https://www.bog.gov.gh/supervision-regulation/ofisd/forex-exchange-bureaux/
Foreign Exchange Bureaux,Love Me Forex Bureau Limited,lovemefbereau@gmail.com,0249123123,,,https://www.bog.gov.gh/supervision-regulation/ofisd/forex-exchange-bureaux/
Foreign Exchange Bureaux,Mabb Forex Bureau Limited,mabbforexx@gmail.com,0244435833,,,https://www.bog.gov.gh/supervision-regulation/ofisd/forex-exchange-bureaux/
Foreign Exchange Bureaux,Macowas Forex Bureau Limited,macowasforexbureau@gmail.com,0243611511,,,https://www.bog.gov.gh/supervision-regulation/ofisd/forex-exchange-bureaux/
Foreign Exchange Bureaux,Madusek Forex Bureau Limited,madusekforexbureau@yahoo.com,0322026475; 0208138486,,,https://www.bog.gov.gh/supervision-regulation/ofisd/forex-exchange-bureaux/
Foreign Exchange Bureaux,Magfabrim Forex Bureau Limited,perebrimgroup@hotmail.com,0302301485,,,https://www.bog.gov.gh/supervision-regulation/ofisd/forex-exchange-bureaux/
Foreign Exchange Bureaux,Majesty Forex Bureau Limited,majestyforex42@gmail.com,0231208307,,,https://www.bog.gov.gh/supervision-regulation/ofisd/forex-exchange-bureaux/
Foreign Exchange Bureaux,Makola Forex Bureau Limited,makolaforexbureau@gmail.com,0244283140 / 0246608811,,,https://www.bog.gov.gh/supervision-regulation/ofisd/forex-exchange-bureaux/
Foreign Exchange Bureaux,Malcolm Forex Bureau Limited,malcomfb@yahoo.com,0246964002,,,https://www.bog.gov.gh/supervision-regulation/ofisd/forex-exchange-bureaux/
Foreign Exchange Bureaux,Maltima Forex Bureau Limited,maltimaforex@gmail.com,0245306640,,,https://www.bog.gov.gh/supervision-regulation/ofisd/forex-exchange-bureaux/
Foreign Exchange Bureaux,Man Forex Bureau Limited,manforexbureau@gmail.com,0208167842; 0243917719,,,https://www.bog.gov.gh/supervision-regulation/ofisd/forex-exchange-bureaux/
Foreign Exchange Bureaux,Manhyia Forex Bureau Limited,manhyiaforexbureau@gmail.com,0558252500 ; 0561934917,,,https://www.bog.gov.gh/supervision-regulation/ofisd/forex-exchange-bureaux/
Foreign Exchange Bureaux,Manigab Forex Bureau Limited,manigabforexbureau@gmail.com,0243787222,,,https://www.bog.gov.gh/supervision-regulation/ofisd/forex-exchange-bureaux/
Foreign Exchange Bureaux,Man's Man's Forex Bureau Limited,mansmansforexbureau@gmail.com,0277261078,,,https://www.bog.gov.gh/supervision-regulation/ofisd/forex-exchange-bureaux/
Foreign Exchange Bureaux,Manshiallahu Forex Bureau Limited,manshiallahufxb@yahoo.com,0243703488,,,https://www.bog.gov.gh/supervision-regulation/ofisd/forex-exchange-bureaux/
Foreign Exchange Bureaux,Mari Forex Bureau Limited,mariforexbureau@gmail.com,0277466966,,,https://www.bog.gov.gh/supervision-regulation/ofisd/forex-exchange-bureaux/
Foreign Exchange Bureaux,Mattdan Forex Bureau Limited,mattdanforexbureau@gmail.com,0248638077,,,https://www.bog.gov.gh/supervision-regulation/ofisd/forex-exchange-bureaux/
Foreign Exchange Bureaux,Max Forex Bureau Limited,maxforexbltd@gmail.com,0244609013,,,https://www.bog.gov.gh/supervision-regulation/ofisd/forex-exchange-bureaux/
Foreign Exchange Bureaux,Maxy Forex Bureau Limited,maxy.forexbureau@gmail.com,0245043930,,,https://www.bog.gov.gh/supervision-regulation/ofisd/forex-exchange-bureaux/
Foreign Exchange Bureaux,Mb3 Forex Bureau Limited,mb3forexbureau@gmail.com,0540348442,,,https://www.bog.gov.gh/supervision-regulation/ofisd/forex-exchange-bureaux/
Foreign Exchange Bureaux,Mediator Zone Forex Bureau Limited,mediatorforexbureau@gmail.com,0202275683,,,https://www.bog.gov.gh/supervision-regulation/ofisd/forex-exchange-bureaux/
Foreign Exchange Bureaux,Meji Forex Bureau Limited,mejiforexbureau@gmail.com,0245799396,,,https://www.bog.gov.gh/supervision-regulation/ofisd/forex-exchange-bureaux/
Foreign Exchange Bureaux,Meltus Forex Bureau Limited,meltusforex@gmail.com,0246658076,,,https://www.bog.gov.gh/supervision-regulation/ofisd/forex-exchange-bureaux/
Foreign Exchange Bureaux,Micad Forex Bureau Limited,micadforexbureau@gmail.com,0540896246,,,https://www.bog.gov.gh/supervision-regulation/ofisd/forex-exchange-bureaux/
Foreign Exchange Bureaux,Midway Forex Bureau Limited,midwayforex@gmail.com,0207547763,,,https://www.bog.gov.gh/supervision-regulation/ofisd/forex-exchange-bureaux/
Foreign Exchange Bureaux,Mikaddo Forex Bureau Limited,kamaforexbureau@gmail.com,0322025442,,,https://www.bog.gov.gh/supervision-regulation/ofisd/forex-exchange-bureaux/
Foreign Exchange Bureaux,Mikadel Forex Bureau Limited,mikadelforex@yahoo.com,0244770456,,,https://www.bog.gov.gh/supervision-regulation/ofisd/forex-exchange-bureaux/
Foreign Exchange Bureaux,Mintason Forex Bureau Limited,mintasonfxb@gmail.com,0243518737,,,https://www.bog.gov.gh/supervision-regulation/ofisd/forex-exchange-bureaux/
Foreign Exchange Bureaux,Mohib Forex Bureau Limited,mohibforexbureau@yahoo.com,0244391113,,,https://www.bog.gov.gh/supervision-regulation/ofisd/forex-exchange-bureaux/
Foreign Exchange Bureaux,Moneymart Forex Bureau Limited,moneymartforexbureau@gmail.com,0260782610,,,https://www.bog.gov.gh/supervision-regulation/ofisd/forex-exchange-bureaux/
Foreign Exchange Bureaux,Money Matters Forex Bureau Limited,moneymattersforexbureau@gmail.com,0243006203,,,https://www.bog.gov.gh/supervision-regulation/ofisd/forex-exchange-bureaux/
Foreign Exchange Bureaux,Moon Forex Bureau Limited,moonforexbureau@gmail.com,0248848861 ; 0244270807,,,https://www.bog.gov.gh/supervision-regulation/ofisd/forex-exchange-bureaux/
Foreign Exchange Bureaux,Morning Star Forex Bureau Limited,morningstarforexbureau@gmail.com,0544604760,,,https://www.bog.gov.gh/supervision-regulation/ofisd/forex-exchange-bureaux/
Foreign Exchange Bureaux,Mosman Forex Bureau Limited,mosmanforexbureau@gmail.com,0274890103,,,https://www.bog.gov.gh/supervision-regulation/ofisd/forex-exchange-bureaux/
Foreign Exchange Bureaux,Muatapari Forex Bureau Limited,,0244024464; 0243636600,,,https://www.bog.gov.gh/supervision-regulation/ofisd/forex-exchange-bureaux/
Foreign Exchange Bureaux,Na - Atta Forex Bureau Limited,naaataforexbureau@yahoo.com,0244954372,,,https://www.bog.gov.gh/supervision-regulation/ofisd/forex-exchange-bureaux/
Foreign Exchange Bureaux,Nabrim Forex Bureau Limited,perebrimgroup@hotmail.com,0244685782,,,https://www.bog.gov.gh/supervision-regulation/ofisd/forex-exchange-bureaux/
Foreign Exchange Bureaux,Nasec Forex Bureau Limited,nasecforexbureau@gmail.com,0208128002,,,https://www.bog.gov.gh/supervision-regulation/ofisd/forex-exchange-bureaux/
Foreign Exchange Bureaux,Nayaba Forex Bureau Limited,nayabaforex@yahoo.com,0302687127,,,https://www.bog.gov.gh/supervision-regulation/ofisd/forex-exchange-bureaux/
Foreign Exchange Bureaux,Network Forex Bureau Limited,networkforexbureau@gmail.com,0267246661; 0244941323 ; 0244932875,,,https://www.bog.gov.gh/supervision-regulation/ofisd/forex-exchange-bureaux/
Foreign Exchange Bureaux,Nimo Forex Bureau Limited,nimoforexbureau@gmail.com,0245928407,,,https://www.bog.gov.gh/supervision-regulation/ofisd/forex-exchange-bureaux/
Foreign Exchange Bureaux,Nurom Forex Bureau Limited,nuromforexbureau@gmail.com,0548819762,,,https://www.bog.gov.gh/supervision-regulation/ofisd/forex-exchange-bureaux/
Foreign Exchange Bureaux,Nyala Forex Bureau Limited,nyalaforexbureau@gmail.com,0244271258,,,https://www.bog.gov.gh/supervision-regulation/ofisd/forex-exchange-bureaux/
Foreign Exchange Bureaux,O.K. Forex Bureau Limited,okfxb@yahoo.com,0243575125,,,https://www.bog.gov.gh/supervision-regulation/ofisd/forex-exchange-bureaux/
Foreign Exchange Bureaux,Ocean Drive Forex Bureau Limited,oceandrivefx@gmail.com,0249143757,,,https://www.bog.gov.gh/supervision-regulation/ofisd/forex-exchange-bureaux/
Foreign Exchange Bureaux,Octopus Forex Bureau Limited,octopusforex1112@gmail.com,0244569463,,,https://www.bog.gov.gh/supervision-regulation/ofisd/forex-exchange-bureaux/
Foreign Exchange Bureaux,One World Forex Bureau Limited,oneworldforexbltd@gmail.com,0240141402,,,https://www.bog.gov.gh/supervision-regulation/ofisd/forex-exchange-bureaux/
Foreign Exchange Bureaux,Orchid Forex Bureau Limited,perebrimgroup@hotmail.com,0244885782 ; 0302224210,,,https://www.bog.gov.gh/supervision-regulation/ofisd/forex-exchange-bureaux/
Foreign Exchange Bureaux,Oriental Forex Bureau Limited,orientalforexbureau8@gmail.com,0207131723; 0545582332,,,https://www.bog.gov.gh/supervision-regulation/ofisd/forex-exchange-bureaux/
Foreign Exchange Bureaux,Ota Forex Bureau Limited,otaforexbureau@gmail.com,0244655877,,,https://www.bog.gov.gh/supervision-regulation/ofisd/forex-exchange-bureaux/
Foreign Exchange Bureaux,Overcomers Forex Bureau Limited,overcommersforexbureau@gmail.com,0544482470,,,https://www.bog.gov.gh/supervision-regulation/ofisd/forex-exchange-bureaux/
Foreign Exchange Bureaux,Overseas Forex Bureau Limited,overseas_bureau2015@yahoo.com,0244798676 ; 0244798676,,,https://www.bog.gov.gh/supervision-regulation/ofisd/forex-exchange-bureaux/
Foreign Exchange Bureaux,PL Forex Bureau Limited,muddy1957@yahoo.com,0242335335,,,https://www.bog.gov.gh/supervision-regulation/ofisd/forex-exchange-bureaux/
Foreign Exchange Bureaux,P.R Forex Bureau Limited,forexbureaupr@gmail.com,0243005577/0208473678 ; 0545582332,,,https://www.bog.gov.gh/supervision-regulation/ofisd/forex-exchange-bureaux/
Foreign Exchange Bureaux,Pacific Forex Bureau Limited,pacificforexbureau@yahoo.com,0243219565 ; 0208168381,,,https://www.bog.gov.gh/supervision-regulation/ofisd/forex-exchange-bureaux/
Foreign Exchange Bureaux,Paga Forex Bureau Limited,pagaforexbureau@gmail.com,0244818492,,,https://www.bog.gov.gh/supervision-regulation/ofisd/forex-exchange-bureaux/
Foreign Exchange Bureaux,Pan African Forex Bureau Limited,isaachallman123@gmail.com,0246827299,,,https://www.bog.gov.gh/supervision-regulation/ofisd/forex-exchange-bureaux/
Foreign Exchange Bureaux,Park Avenue Forex Bureau Limited,parkavenueforex@gmail.com,0302662023 / 0249457202,,,https://www.bog.gov.gh/supervision-regulation/ofisd/forex-exchange-bureaux/
Foreign Exchange Bureaux,Paytell Forex Bureau Limited,paytellforexbureaultd@gmail.com,0262561987; 0575565051 ; 020970880,,,https://www.bog.gov.gh/supervision-regulation/ofisd/forex-exchange-bureaux/
Foreign Exchange Bureaux,Peace & Love Forex Bureau Limited,peacenloveforex@gmail.com,0244846154 ; 0261222189 ; 0243129259,,,https://www.bog.gov.gh/supervision-regulation/ofisd/forex-exchange-bureaux/
Foreign Exchange Bureaux,Pekaf Forex Bureau Limited,pekafforexbureau@gmail.com,0541265367,,,https://www.bog.gov.gh/supervision-regulation/ofisd/forex-exchange-bureaux/
Foreign Exchange Bureaux,Pennywise Forex Bureau Limited,pennywiseforexbureau@gmail.com,0208133458 / 0244544847,,,https://www.bog.gov.gh/supervision-regulation/ofisd/forex-exchange-bureaux/
Foreign Exchange Bureaux,Penta Forex Bureau Limited,pentaforexbureau@yahoo.com,0244368713,,,https://www.bog.gov.gh/supervision-regulation/ofisd/forex-exchange-bureaux/
Foreign Exchange Bureaux,Perebrim Forex Bureau Limited,perebrimgroup@hotmail.com,0244885782,,,https://www.bog.gov.gh/supervision-regulation/ofisd/forex-exchange-bureaux/
Foreign Exchange Bureaux,Perfect Choice Forex Bureau Limited,perfectchoicefb1@gmail.com,0244369087,,,https://www.bog.gov.gh/supervision-regulation/ofisd/forex-exchange-bureaux/
Foreign Exchange Bureaux,Pick Forex Bureau Limited,pickforexbureau@gmail.com,0244655877,,,https://www.bog.gov.gh/supervision-regulation/ofisd/forex-exchange-bureaux/
Foreign Exchange Bureaux,Plus Forex Bureau Limited,plusforexbureau@gmail.com,0268476175 / 0545772037,,,https://www.bog.gov.gh/supervision-regulation/ofisd/forex-exchange-bureaux/
Foreign Exchange Bureaux,Prime Forex Bureau Limited,primeforexbureau@gmail.com,0241448252,,,https://www.bog.gov.gh/supervision-regulation/ofisd/forex-exchange-bureaux/
Foreign Exchange Bureaux,Procal Forex Bureau Limited,procalforexbureau@gmail.com,0244204344,,,https://www.bog.gov.gh/supervision-regulation/ofisd/forex-exchange-bureaux/
Foreign Exchange Bureaux,Progressive Alfat Forex Bureau Limited,alifatu47@gmail.com,0543206031,,,https://www.bog.gov.gh/supervision-regulation/ofisd/forex-exchange-bureaux/
Foreign Exchange Bureaux,Prosperity Forex Bureau Limited,prfbcmlt@gmail.com,0245132979,,,https://www.bog.gov.gh/supervision-regulation/ofisd/forex-exchange-bureaux/
Foreign Exchange Bureaux,Puky House Forex Bureau Limited,pukyhouse024forexbureau@gmail.com,0277547302,,,https://www.bog.gov.gh/supervision-regulation/ofisd/forex-exchange-bureaux/
Foreign Exchange Bureaux,Quasam Forex Bureau Limited,quasamfxb@gmail.com,0243421734,,,https://www.bog.gov.gh/supervision-regulation/ofisd/forex-exchange-bureaux/
Foreign Exchange Bureaux,Queen Esther Forex Bureau Limited,queenesther.forexbureau@gmail.com,0207912086,,,https://www.bog.gov.gh/supervision-regulation/ofisd/forex-exchange-bureaux/
Foreign Exchange Bureaux,Quemex Forex Bureau Limited,quemexforex@gmail.com,0244288031,,,https://www.bog.gov.gh/supervision-regulation/ofisd/forex-exchange-bureaux/
Foreign Exchange Bureaux,Quickcash Forex Bureau Limited,perebrimgroup@hotmail.com,0244885782;,,,https://www.bog.gov.gh/supervision-regulation/ofisd/forex-exchange-bureaux/
Foreign Exchange Bureaux,Qwick Forex Bureau Limited,qwickfx@gmail.com,0544136361,,,https://www.bog.gov.gh/supervision-regulation/ofisd/forex-exchange-bureaux/
Foreign Exchange Bureaux,Rad Exchange Forex Bureau Limited,radexchangefxb@gmail.com,0204778548,,,https://www.bog.gov.gh/supervision-regulation/ofisd/forex-exchange-bureaux/
Foreign Exchange Bureaux,Rahama Forex Bureau Limited,rahamaforexbureau@gmail.com,0247772158,,,https://www.bog.gov.gh/supervision-regulation/ofisd/forex-exchange-bureaux/
Foreign Exchange Bureaux,Ram Chambers Forex Bureau Limited,ramchambersforex@gmail.com,0246676993 ; 0243727494,,,https://www.bog.gov.gh/supervision-regulation/ofisd/forex-exchange-bureaux/
Foreign Exchange Bureaux,Rasbee Forex Bureau Limited,rasbeeforexbureau@yahoo.com,0242069429,,,https://www.bog.gov.gh/supervision-regulation/ofisd/forex-exchange-bureaux/
Foreign Exchange Bureaux,Real Page Forex Bureau Limited,realpagef@gmail.com,0240787974,,,https://www.bog.gov.gh/supervision-regulation/ofisd/forex-exchange-bureaux/
Foreign Exchange Bureaux,Regal Forex Bureau Limited,regalforexbureaultd@gmail.com,0244665261,,,https://www.bog.gov.gh/supervision-regulation/ofisd/forex-exchange-bureaux/
Foreign Exchange Bureaux,Res Forex Bureau Limited,resforexbureau133@gmail.com,0244218899,,,https://www.bog.gov.gh/supervision-regulation/ofisd/forex-exchange-bureaux/
Foreign Exchange Bureaux,Rhine Bird Forex Bureau Limited,rhinebirdforexbureau@gmail.com,0275541014,,,https://www.bog.gov.gh/supervision-regulation/ofisd/forex-exchange-bureaux/
Foreign Exchange Bureaux,RiverPark Forex Bureau Limited,fxriverpark@yahoo.com,0264459825 / 0551787679,,,https://www.bog.gov.gh/supervision-regulation/ofisd/forex-exchange-bureaux/
Foreign Exchange Bureaux,Rocky's Forex Bureau Limited,rockysforexbureau@yahoo.com,0242210666,,,https://www.bog.gov.gh/supervision-regulation/ofisd/forex-exchange-bureaux/
Foreign Exchange Bureaux,Rod Forex Bureau Limited,rodforexbureau@gmail.com,0244266899,,,https://www.bog.gov.gh/supervision-regulation/ofisd/forex-exchange-bureaux/
Foreign Exchange Bureaux,Rokki Forex Bureau Limited,rokki36@gmail.com,0244276246 ; 0244778673,,,https://www.bog.gov.gh/supervision-regulation/ofisd/forex-exchange-bureaux/
Foreign Exchange Bureaux,Rons Forex Bureau Limited,ronsforexbureaultd@gmail.com,0242904586; 0266801156 ; 0504772725,,,https://www.bog.gov.gh/supervision-regulation/ofisd/forex-exchange-bureaux/
Foreign Exchange Bureaux,Roots Forex Bureau Limited,rootsforexbureau@yahoo.com,0546626667,,,https://www.bog.gov.gh/supervision-regulation/ofisd/forex-exchange-bureaux/
Foreign Exchange Bureaux,Rotio Forex Bureau Limited,rotioforex@yahoo.com,0244369393,,,https://www.bog.gov.gh/supervision-regulation/ofisd/forex-exchange-bureaux/
Foreign Exchange Bureaux,Royal Avenue Forex Bureau Limited,royalavenuefxb@gmail.com,0267771515 ; 0546123895,,,https://www.bog.gov.gh/supervision-regulation/ofisd/forex-exchange-bureaux/
Foreign Exchange Bureaux,Royal Treasury Forex Bureau Limited,royaltreasuryfxb@gmail.com,0244690388/0264690388,,,https://www.bog.gov.gh/supervision-regulation/ofisd/forex-exchange-bureaux/
Foreign Exchange Bureaux,S AND G Forex Bureau Limited,sgforexbureau@gmail.com,0245005010,,,https://www.bog.gov.gh/supervision-regulation/ofisd/forex-exchange-bureaux/
Foreign Exchange Bureaux,S & J Forex Bureau Limited,sjkduaforexbureau@gmail.com,0249150518,,,https://www.bog.gov.gh/supervision-regulation/ofisd/forex-exchange-bureaux/
Foreign Exchange Bureaux,Sahil Forex Bureau Limited,sahilforex2015@gmail.com,0244600795,,,https://www.bog.gov.gh/supervision-regulation/ofisd/forex-exchange-bureaux/
Foreign Exchange Bureaux,Sake Forex Bureau Limited,sakeforexbureau@gmail.com,0244511680,,,https://www.bog.gov.gh/supervision-regulation/ofisd/forex-exchange-bureaux/
Foreign Exchange Bureaux,Salam Forex Bureau Limited,salamforex15@gmail.com,0547108589,,,https://www.bog.gov.gh/supervision-regulation/ofisd/forex-exchange-bureaux/
Foreign Exchange Bureaux,Sawaab Forex Bureau Limited,sawaabforex@gmail.com,0244426677,,,https://www.bog.gov.gh/supervision-regulation/ofisd/forex-exchange-bureaux/
Foreign Exchange Bureaux,Sears Forex Bureau Limited,searsforexbureau@gmail.com,0302424776,,,https://www.bog.gov.gh/supervision-regulation/ofisd/forex-exchange-bureaux/
Foreign Exchange Bureaux,Shaimex Forex Bureau Limited,shaimexforexbureau@gmail.com,0277396430,,,https://www.bog.gov.gh/supervision-regulation/ofisd/forex-exchange-bureaux/
Foreign Exchange Bureaux,Shan Forex Bureau Limited,shanfxb@yahoo.com,0244441546,,,https://www.bog.gov.gh/supervision-regulation/ofisd/forex-exchange-bureaux/
Foreign Exchange Bureaux,Sheree Forex Bureau Limited,shereeforexbureaultd@gmail.com,0243274524,,,https://www.bog.gov.gh/supervision-regulation/ofisd/forex-exchange-bureaux/
Foreign Exchange Bureaux,Shinbishi Forex Bureau Limited,shinbishiforex@gmail.com,0244256707 / 0554461588/0554461588,,,https://www.bog.gov.gh/supervision-regulation/ofisd/forex-exchange-bureaux/
Foreign Exchange Bureaux,Sidex Forex Bureau Limited,sidexforex@gmail.com,0249475429,,,https://www.bog.gov.gh/supervision-regulation/ofisd/forex-exchange-bureaux/
Foreign Exchange Bureaux,Silver Cross Forex Bureau Limited,silvercrossfb@gmail.com,0243466392 ; 0266596342,,,https://www.bog.gov.gh/supervision-regulation/ofisd/forex-exchange-bureaux/
Foreign Exchange Bureaux,Sinoband Forex Bureau Limited,sinobandforex@gmail.com,0245738691,,,https://www.bog.gov.gh/supervision-regulation/ofisd/forex-exchange-bureaux/
Foreign Exchange Bureaux,Sirius Forex Bureau Limited,siriusfb50@gmail.com,0207834221,,,https://www.bog.gov.gh/supervision-regulation/ofisd/forex-exchange-bureaux/
Foreign Exchange Bureaux,Solaris Forex Bureau Limited,solarisforrexbureau@yahoo.com,0240566488,,,https://www.bog.gov.gh/supervision-regulation/ofisd/forex-exchange-bureaux/
Foreign Exchange Bureaux,St. Michael Forex Bureau Limited,nayabaforex@yahoo.com,0246694576 ; 0504100236,,,https://www.bog.gov.gh/supervision-regulation/ofisd/forex-exchange-bureaux/
Foreign Exchange Bureaux,Stelfah Forex Bureau Limited,stelfahfxb@gmail.com,0208199486 ; 0540125564 ; 0208156114,,,https://www.bog.gov.gh/supervision-regulation/ofisd/forex-exchange-bureaux/
Foreign Exchange Bureaux,StepClose Forex Bureau Limited,stepcloseforexbureanltd@yahoo.com,0243274524 ; 0249405095 ; 0268380601; 0307031563,,,https://www.bog.gov.gh/supervision-regulation/ofisd/forex-exchange-bureaux/
Foreign Exchange Bureaux,Sterling Forex Bureau Limited,sterlingforexbureau@gmail.com,0244706157,,,https://www.bog.gov.gh/supervision-regulation/ofisd/forex-exchange-bureaux/
Foreign Exchange Bureaux,Stopover Forex Bureau Limited,safoad20@yahoo.com,0244856646,,,https://www.bog.gov.gh/supervision-regulation/ofisd/forex-exchange-bureaux/
Foreign Exchange Bureaux,Stoxx Forex Bureau Limited,stoxxforexbureau@gmail.com,0244818492,,,https://www.bog.gov.gh/supervision-regulation/ofisd/forex-exchange-bureaux/
Foreign Exchange Bureaux,Street Market Forex Bureau Limited,streetmarketforexbureau@gmail.com,0268378665 ; 0208114419,,,https://www.bog.gov.gh/supervision-regulation/ofisd/forex-exchange-bureaux/
Foreign Exchange Bureaux,Success Forex Bureau Limited,successforexbureau@gmail.com,0271596647,,,https://www.bog.gov.gh/supervision-regulation/ofisd/forex-exchange-bureaux/
Foreign Exchange Bureaux,Sunrise Forex Bureau Limited,sunriseforexbureaultd@gmail.com,0244996447,,,https://www.bog.gov.gh/supervision-regulation/ofisd/forex-exchange-bureaux/
Foreign Exchange Bureaux,Supa 241 Forex Bureau Limited,supa241forexbureau@gmail.com,0244706157,,,https://www.bog.gov.gh/supervision-regulation/ofisd/forex-exchange-bureaux/
Foreign Exchange Bureaux,Surprise Forex Bureau Limited,surpriseforexbureau1@gmail.com,0244947018,,,https://www.bog.gov.gh/supervision-regulation/ofisd/forex-exchange-bureaux/
Foreign Exchange Bureaux,Survival Forex Bureau Limited,survivalforexbureau@yahoo.com,0248848861,,,https://www.bog.gov.gh/supervision-regulation/ofisd/forex-exchange-bureaux/
Foreign Exchange Bureaux,SWBoat Forex Bureau Limited,swboatforexbureaultd@gmail.com,0243346666/ 0244182281/,,,https://www.bog.gov.gh/supervision-regulation/ofisd/forex-exchange-bureaux/
Foreign Exchange Bureaux,Swift - Star Forex Bureau Limited,swiftstarfxb@gmail.com,0243518737,,,https://www.bog.gov.gh/supervision-regulation/ofisd/forex-exchange-bureaux/
Foreign Exchange Bureaux,Swift Cash Forex Bureau Limited,swiftcashforexbureaultd@gmail.com,0542222111,,,https://www.bog.gov.gh/supervision-regulation/ofisd/forex-exchange-bureaux/
Foreign Exchange Bureaux,Tanko Forex Bureau Limited,tankoforexbureau@gmail.com,0244230461,,,https://www.bog.gov.gh/supervision-regulation/ofisd/forex-exchange-bureaux/
Foreign Exchange Bureaux,Temples Forex Bureau Limited,templesforex@gmail.com,0332132434,,,https://www.bog.gov.gh/supervision-regulation/ofisd/forex-exchange-bureaux/
Foreign Exchange Bureaux,This Rock Forex Bureau Limited,thisrockforexbuveau@gmail.com,0244755252,,,https://www.bog.gov.gh/supervision-regulation/ofisd/forex-exchange-bureaux/
Foreign Exchange Bureaux,Three Saints Forex Bureau Limited,threesaintforexbureau@gmail.com,0248848861,,,https://www.bog.gov.gh/supervision-regulation/ofisd/forex-exchange-bureaux/
Foreign Exchange Bureaux,Three Sisters Forex Bureau Limited,threesistersforexbureau@outlook.com,0244253157,,,https://www.bog.gov.gh/supervision-regulation/ofisd/forex-exchange-bureaux/
Foreign Exchange Bureaux,Tonom Forex Bureau Limited,tonom2020forex@gmail.com,0249954065,,,https://www.bog.gov.gh/supervision-regulation/ofisd/forex-exchange-bureaux/
Foreign Exchange Bureaux,Transmission Forex Bureau Limited,transmissionforexbureau@gmail.com,0245005010,,,https://www.bog.gov.gh/supervision-regulation/ofisd/forex-exchange-bureaux/
Foreign Exchange Bureaux,Transtrade Forex Bureau Limited,transtradebureaudechangeltd@gmail.com,0245000040,,,https://www.bog.gov.gh/supervision-regulation/ofisd/forex-exchange-bureaux/
Foreign Exchange Bureaux,Travel Money Forex Bureau Limited,travelmoneygh@yahoo.com,0208909093,,,https://www.bog.gov.gh/supervision-regulation/ofisd/forex-exchange-bureaux/
Foreign Exchange Bureaux,TrustHouse Forex Bureau Limited,trusthousef@gmail.com,0244435833,,,https://www.bog.gov.gh/supervision-regulation/ofisd/forex-exchange-bureaux/
Foreign Exchange Bureaux,Tudjani Forex Bureau Limited,tijaniforexbureau@gmail.com,0243611511,,,https://www.bog.gov.gh/supervision-regulation/ofisd/forex-exchange-bureaux/
Foreign Exchange Bureaux,Tyco Forex Bureau Limited,tycoforex11@gmail.com,0244930937/ 0244497946 /0277420992/,,,https://www.bog.gov.gh/supervision-regulation/ofisd/forex-exchange-bureaux/
Foreign Exchange Bureaux,Unisex Forex Bureau Limited,unisexforex@gmail.com,020814903,,,https://www.bog.gov.gh/supervision-regulation/ofisd/forex-exchange-bureaux/
Foreign Exchange Bureaux,United Forex Bureau Limited,unitedbureau@yahoo.com,0244258197,,,https://www.bog.gov.gh/supervision-regulation/ofisd/forex-exchange-bureaux/
Foreign Exchange Bureaux,Unity Is Good Forex Bureau Limited,unityisgoodforexbureau@gmail.com,0548331654,,,https://www.bog.gov.gh/supervision-regulation/ofisd/forex-exchange-bureaux/
Foreign Exchange Bureaux,Unlimited Forex Bureau Limited,unlimitedforexbureaultd@gmail.com,0244644413,,,https://www.bog.gov.gh/supervision-regulation/ofisd/forex-exchange-bureaux/
Foreign Exchange Bureaux,Vanef Forex Bureau Limited,wafxforex@gmail.com,0244277304 / 0501394547,,,https://www.bog.gov.gh/supervision-regulation/ofisd/forex-exchange-bureaux/
Foreign Exchange Bureaux,Vec Forex Bureau Limited,vecforexbureau12@gmail.com,0241272864,,,https://www.bog.gov.gh/supervision-regulation/ofisd/forex-exchange-bureaux/
Foreign Exchange Bureaux,Village Gate Forex Bureau Limited,villagegateforex@gmail.com,0244271901,,,https://www.bog.gov.gh/supervision-regulation/ofisd/forex-exchange-bureaux/
Foreign Exchange Bureaux,Wab Star Forex Bureau Limited,wabstarforexbureau@gmail.com,0244098366,,,https://www.bog.gov.gh/supervision-regulation/ofisd/forex-exchange-bureaux/
Foreign Exchange Bureaux,Wafex Forex Bureau Limited,wafexforex@gmail.com,0243274046,,,https://www.bog.gov.gh/supervision-regulation/ofisd/forex-exchange-bureaux/
Foreign Exchange Bureaux,Wallsdan Forex Bureau Limited,wallsdanforexgh@gmail.com,0245196909,,,https://www.bog.gov.gh/supervision-regulation/ofisd/forex-exchange-bureaux/
Foreign Exchange Bureaux,Wallstreet Forex Bureau Limited,wsfbureau@gmail.com,0244042397; 0246252499,,,https://www.bog.gov.gh/supervision-regulation/ofisd/forex-exchange-bureaux/
Foreign Exchange Bureaux,Wangara Forex Bureau Limited,wanGreater Accra Region aforexbureaultd@gmail.com,0244503372,,,https://www.bog.gov.gh/supervision-regulation/ofisd/forex-exchange-bureaux/
Foreign Exchange Bureaux,Watson Forex Bureau Limited,watsonforex@gmail.com,0206744770,,,https://www.bog.gov.gh/supervision-regulation/ofisd/forex-exchange-bureaux/
Foreign Exchange Bureaux,White Bird Forex Bureau Limited,whitebirdforexbureau@yahoo.com,0274076619,,,https://www.bog.gov.gh/supervision-regulation/ofisd/forex-exchange-bureaux/
Foreign Exchange Bureaux,White Plains Forex Bureau Limited,perebrimgroup@hotmail.com,030236536,,,https://www.bog.gov.gh/supervision-regulation/ofisd/forex-exchange-bureaux/
Foreign Exchange Bureaux,Winner Forex Bureau Limited,winnerforex6@gmail.com,0208154761; 0244894685,,,https://www.bog.gov.gh/supervision-regulation/ofisd/forex-exchange-bureaux/
Foreign Exchange Bureaux,Wisdom Wallet Forex Bureau Limited,wisdomwa.fx@gmail.com,0244465800 ; 0208307150 ; 0246151595,,,https://www.bog.gov.gh/supervision-regulation/ofisd/forex-exchange-bureaux/
Foreign Exchange Bureaux,Worldwide Forex Bureau Limited,worldwideforex32@gmail.com,0243274046,,,https://www.bog.gov.gh/supervision-regulation/ofisd/forex-exchange-bureaux/
Foreign Exchange Bureaux,Wynmak Forex Bureau Limited,wynmakforexbureau@yahoo.com,0243582910,,,https://www.bog.gov.gh/supervision-regulation/ofisd/forex-exchange-bureaux/
Foreign Exchange Bureaux,Yakubu Toure Forex Bureau Limited,levinski@gmail.com,0244122318,,,https://www.bog.gov.gh/supervision-regulation/ofisd/forex-exchange-bureaux/
Foreign Exchange Bureaux,Yanney's Forex Bureau Limited,yanneysbureau26@gmail.com,0244369087,,,https://www.bog.gov.gh/supervision-regulation/ofisd/forex-exchange-bureaux/
Foreign Exchange Bureaux,Yapo Forex Bureau Limited,yapobuforex348@gmail.com,0244204817 ; 0240427938,,,https://www.bog.gov.gh/supervision-regulation/ofisd/forex-exchange-bureaux/
Foreign Exchange Bureaux,Yasore Forex Bureau Limited,yasoreforex@gmail.com,0265255208,,,https://www.bog.gov.gh/supervision-regulation/ofisd/forex-exchange-bureaux/
Foreign Exchange Bureaux,Yim Forex Bureau Limited,yimforexbureau@gmail.com,0243271087,,,https://www.bog.gov.gh/supervision-regulation/ofisd/forex-exchange-bureaux/
Foreign Exchange Bureaux,Yobsons Forex Bureau Limited,yobsonslimited@yahoo.com,0242210520 ; 0208377974,,,https://www.bog.gov.gh/supervision-regulation/ofisd/forex-exchange-bureaux/
Foreign Exchange Bureaux,Zakat Forex Bureau Limited,zakatfxb.info@yahoo.com,0243512527,,,https://www.bog.gov.gh/supervision-regulation/ofisd/forex-exchange-bureaux/
Foreign Exchange Bureaux,Zein Forex Bureau Limited,zeinforex1@gmail.com,0243804171,,,https://www.bog.gov.gh/supervision-regulation/ofisd/forex-exchange-bureaux/
Foreign Exchange Bureaux,Zibo Forex Bureau Limited,ziboforexbureaultd@gmail.com,0243452774,,,https://www.bog.gov.gh/supervision-regulation/ofisd/forex-exchange-bureaux/
Community Banks,Abokobi Area Rural Bank Limited,"P. O. Box Lg 20, Legon",0576096642; 0302950844,,,https://www.bog.gov.gh/supervision-regulation/ofisd/list-of-ofis/community-banks
Community Banks,Ada Rural Bank Limited,"P. O. Box 20, Kasseh - Ada",0505105026,,,https://www.bog.gov.gh/supervision-regulation/ofisd/list-of-ofis/community-banks
Community Banks,Adansi Rural Bank Limited,"P. O. Box 35, Fomena",0574438509,,,https://www.bog.gov.gh/supervision-regulation/ofisd/list-of-ofis/community-banks
Community Banks,Adonten Community Bank Limited,"P. O. Box 140, New-Tafo Akim",0342024109; 0209982370; 0501295847,,,https://www.bog.gov.gh/supervision-regulation/ofisd/list-of-ofis/community-banks
Community Banks,Afram Rural Bank Limited,"P. O. Box 66, Donkorkrom",0200347337,,,https://www.bog.gov.gh/supervision-regulation/ofisd/list-of-ofis/community-banks
Community Banks,Agave Rural Bank Limited,"P. O. Box 52, Dabala",0244207176,,,https://www.bog.gov.gh/supervision-regulation/ofisd/list-of-ofis/community-banks
Community Banks,Agona Rural Bank Limited,"P. O. Box Kn 15, Agona Kwanyako",0501334877,,,https://www.bog.gov.gh/supervision-regulation/ofisd/list-of-ofis/community-banks
Community Banks,Ahafo Ano Premier Rural Bank Limited,"P. O. Box 1, Wioso",0322035060,,,https://www.bog.gov.gh/supervision-regulation/ofisd/list-of-ofis/community-banks
Community Banks,Ahafo Community Bank Limited,P. O. Box 33,0352095470,,,https://www.bog.gov.gh/supervision-regulation/ofisd/list-of-ofis/community-banks
Community Banks,Ahantaman Rural Bank Limited,"P. O. Box 41, Agonaahanta",0202070080/8,,,https://www.bog.gov.gh/supervision-regulation/ofisd/list-of-ofis/community-banks
Community Banks,Akatakyiman Rural Bank Limited,"P. O. Box Km 38, Komenda",0332191763,,,https://www.bog.gov.gh/supervision-regulation/ofisd/list-of-ofis/community-banks
Community Banks,Akim Bosome Rural Bank Limited,P. O. Box 49,0501317050; 0501317056,,,https://www.bog.gov.gh/supervision-regulation/ofisd/list-of-ofis/community-banks
Community Banks,Akoti Rural Bank Limited,"P. O. Box 9, Assin Akropong",0243284536,,,https://www.bog.gov.gh/supervision-regulation/ofisd/list-of-ofis/community-banks
Community Banks,Akrofuom Rural Bank Limited,"P. O. Box 7, Akrofuom-Adansi",0582-42486,,,https://www.bog.gov.gh/supervision-regulation/ofisd/list-of-ofis/community-banks
Community Banks,Akuapem Rural Bank Limited,"P. O. Box 5, Mamfe",0342195878,,,https://www.bog.gov.gh/supervision-regulation/ofisd/list-of-ofis/community-banks
Community Banks,Akumadan Rural Bank Limited,"P. O. Box 44, Akumadan",0501582482; 050637127; 0501637129,,,https://www.bog.gov.gh/supervision-regulation/ofisd/list-of-ofis/community-banks
Community Banks,Akyem Mansa Rural Bank Limited,"P. O. Box 610, Akim Oda",0249843465,,,https://www.bog.gov.gh/supervision-regulation/ofisd/list-of-ofis/community-banks
Community Banks,Akyempim Rural Bank Limited,"P. O. Box 6, Dawurampong",0332021218,,,https://www.bog.gov.gh/supervision-regulation/ofisd/list-of-ofis/community-banks
Community Banks,Amanano Rural Bank Limited,"P. O. Box 56, Nyinahin",0208007254,,,https://www.bog.gov.gh/supervision-regulation/ofisd/list-of-ofis/community-banks
Community Banks,Amansie West Rural Bank Limited,"P. O. Box 348, Bekwai",0277599442,,,https://www.bog.gov.gh/supervision-regulation/ofisd/list-of-ofis/community-banks
Community Banks,Amantin & Kasei Community Bank Limited,"P. O. Box 128, Ejura Ashanti",0549264644; 020 20 55 170; 0243616846,,,https://www.bog.gov.gh/supervision-regulation/ofisd/list-of-ofis/community-banks
Community Banks,Amenfiman Rural Bank Limited,"P. O. Box 14, Wasa Akropong.",0312093380; 0244727582,,,https://www.bog.gov.gh/supervision-regulation/ofisd/list-of-ofis/community-banks
Community Banks,Amuga Rural Bank Limited,"P. O. Box 34, Adidome",0204469254; 0207525747,,,https://www.bog.gov.gh/supervision-regulation/ofisd/list-of-ofis/community-banks
Community Banks,Ankobra West Rural Bank Limited,"P. O. Box 25, Esiama",0243917912,,,https://www.bog.gov.gh/supervision-regulation/ofisd/list-of-ofis/community-banks
Community Banks,Anlo Rural Bank Limited,"P. O. Box Aw 31, Anloga",0362091229,,,https://www.bog.gov.gh/supervision-regulation/ofisd/list-of-ofis/community-banks
Community Banks,Anum Rural Bank Limited,"P. O. Box 15, Anum",0243668108,,,https://www.bog.gov.gh/supervision-regulation/ofisd/list-of-ofis/community-banks
Community Banks,Asante Akyem Rural Bank Limited,"P. O. Box 25, Juansa - Asante Akim",032-2092183; 0243 745038,,,https://www.bog.gov.gh/supervision-regulation/ofisd/list-of-ofis/community-banks
Community Banks,Asawinso Rural Bank Limited,"P. O. Box 120, Sefwi Asawinso",0243391142; 0243149754,,,https://www.bog.gov.gh/supervision-regulation/ofisd/list-of-ofis/community-banks
Community Banks,Asokore Mampong Rural Bank Limited,"P. O. Box Cn 31, Aboabo - Kumasi",0244274884,,,https://www.bog.gov.gh/supervision-regulation/ofisd/list-of-ofis/community-banks
Community Banks,Asokore Rural Bank Limited,"P. O. Box 30, Asokore Ashanti",0322092188,,,https://www.bog.gov.gh/supervision-regulation/ofisd/list-of-ofis/community-banks
Community Banks,Assinman Rural Bank Limited,"P. O. Box 22, Assin Manso",0244354293; 0245864242,,,https://www.bog.gov.gh/supervision-regulation/ofisd/list-of-ofis/community-banks
Community Banks,Asubonten Rural Bank Limited,"P. O. Box 57, Worawora",0203202332,,,https://www.bog.gov.gh/supervision-regulation/ofisd/list-of-ofis/community-banks
Community Banks,Asuogyaman Rural Bank Limited,"P. O. Box 300, Akosombo",0504913990,,,https://www.bog.gov.gh/supervision-regulation/ofisd/list-of-ofis/community-banks
Community Banks,Asutifi Rural Bank Limited,"P. O. Box 34, Acherensua",0248744004,,,https://www.bog.gov.gh/supervision-regulation/ofisd/list-of-ofis/community-banks
Community Banks,Atiwa Rural Bank Limited,"P. O. Box SD 98, Srodae",0244855426,,,https://www.bog.gov.gh/supervision-regulation/ofisd/list-of-ofis/community-banks
Community Banks,Atweaban Rural Bank Limited,"P. O. Box 18, Brong Ahafo",0264787023; 0208030423,,,https://www.bog.gov.gh/supervision-regulation/ofisd/list-of-ofis/community-banks
Community Banks,Atwima Kwanwoma Rural Bank Limited,"P. O. Box 6921, Kumasi",0322036771,,,https://www.bog.gov.gh/supervision-regulation/ofisd/list-of-ofis/community-banks
Community Banks,Atwima Mponua Rural Bank Limited,"P. O. Box 24, Toase",0275561697,,,https://www.bog.gov.gh/supervision-regulation/ofisd/list-of-ofis/community-banks
Community Banks,Atwima Rural Bank Limited,"P. O. Box Kw 33, Kwadaso",0501387038,,,https://www.bog.gov.gh/supervision-regulation/ofisd/list-of-ofis/community-banks
Community Banks,Avenor Rural Bank Limited,"P. O. Box Ak 19, Akatsi",0362644048,,,https://www.bog.gov.gh/supervision-regulation/ofisd/list-of-ofis/community-banks
Community Banks,Awutu Emasa Rural Bank Limited,"P. O Box 32, Winneba",0244046015,,,https://www.bog.gov.gh/supervision-regulation/ofisd/list-of-ofis/community-banks
Community Banks,Baduman Rural Bank Limited,"P. O. Box 6, Badu",0352091454; 0352091455,,,https://www.bog.gov.gh/supervision-regulation/ofisd/list-of-ofis/community-banks
Community Banks,Bangmarigu Community Bank Limited,"P. O. Box 34, Savelugu",0208 286 372; 0544557072,,,https://www.bog.gov.gh/supervision-regulation/ofisd/list-of-ofis/community-banks
Community Banks,Bawjiase Area Rural Bank Limited,"P. O. Box Bj 30, Bawjiase",03321-91879,,,https://www.bog.gov.gh/supervision-regulation/ofisd/list-of-ofis/community-banks
Community Banks,Bessfa Rural Bank Limited,"P. O. Box 160, Bawku",0209320568,,,https://www.bog.gov.gh/supervision-regulation/ofisd/list-of-ofis/community-banks
Community Banks,Bia-Torya Community Bank Limited,"P. O. Box JB, Juabeso",0276618294,,,https://www.bog.gov.gh/supervision-regulation/ofisd/list-of-ofis/community-banks
Community Banks,Bomaa Area Rural Bank Limited,"P. O. Box 108, Bechem",0242008935,,,https://www.bog.gov.gh/supervision-regulation/ofisd/list-of-ofis/community-banks
Community Banks,Bomosadu Rural Bank Limited,"P. O. Box 432, Senase - Berekum",0208234511,,,https://www.bog.gov.gh/supervision-regulation/ofisd/list-of-ofis/community-banks
Community Banks,Maltaaba Community Bank,"P. O. Box 39, Bongo",0382093960,,,https://www.bog.gov.gh/supervision-regulation/ofisd/list-of-ofis/community-banks
Community Banks,Bonzali Rural Bank Limited,P. O. Box 1197,03720-22506,,,https://www.bog.gov.gh/supervision-regulation/ofisd/list-of-ofis/community-banks
Community Banks,Borimanga Rural Bank Limited,"P. O. Box 34, Savelugu",03720-93217,,,https://www.bog.gov.gh/supervision-regulation/ofisd/list-of-ofis/community-banks
Community Banks,Bosome Freho Rural Bank Limited,"P. O. Box 3028, Kumasi",0243600001,,,https://www.bog.gov.gh/supervision-regulation/ofisd/list-of-ofis/community-banks
Community Banks,Bosomtwe Rural Bank Limited,P. O. Box 13,0200926692,,,https://www.bog.gov.gh/supervision-regulation/ofisd/list-of-ofis/community-banks
Community Banks,Brakwa Breman Rural Bank Limited,"P. O. Box 55, Breman Asikuma",0332193170; 0332193171,,,https://www.bog.gov.gh/supervision-regulation/ofisd/list-of-ofis/community-banks
Community Banks,Builsa Community Bank Limited,P. O. Box 25,0242973741; 0208281269,,,https://www.bog.gov.gh/supervision-regulation/ofisd/list-of-ofis/community-banks
Community Banks,Butawu Rural Bank Limited,P. O. Box TS 81,0201515520,,,https://www.bog.gov.gh/supervision-regulation/ofisd/list-of-ofis/community-banks
Community Banks,Buuwulonso Last Stop Rural Bank Limited,"P. O. Box DM 111, Damongo",0372094942,,,https://www.bog.gov.gh/supervision-regulation/ofisd/list-of-ofis/community-banks
Community Banks,Capital Rural Bank Limited,"P. O. Box 18, Abesim",0352028944,,,https://www.bog.gov.gh/supervision-regulation/ofisd/list-of-ofis/community-banks
Community Banks,Citizens Rural Bank Limited,"P. O. Box 457, Nsawam",0244769611,,,https://www.bog.gov.gh/supervision-regulation/ofisd/list-of-ofis/community-banks
Community Banks,Dangme Rural Bank Limited,"P. O. Box 39, Prampram",0303910417 - 8,,,https://www.bog.gov.gh/supervision-regulation/ofisd/list-of-ofis/community-banks
Community Banks,Denkyiriman Rural Bank Limited,"P. O. Box 3, Ajamfuri",0202050260,,,https://www.bog.gov.gh/supervision-regulation/ofisd/list-of-ofis/community-banks
Community Banks,Derma Area Rural Bank Limited,P. O. Box 1,0244169314,,,https://www.bog.gov.gh/supervision-regulation/ofisd/list-of-ofis/community-banks
Community Banks,Drobo Community Bank Limited,"P. O. Box 12, Drobo",0203022029,,,https://www.bog.gov.gh/supervision-regulation/ofisd/list-of-ofis/community-banks
Community Banks,Dumpong Rural Bank Limited,"P. O. Box 23, Asakraka - Kwahu",0501525593,,,https://www.bog.gov.gh/supervision-regulation/ofisd/list-of-ofis/community-banks
Community Banks,East Akim Rural Bank Limited,"P. O. Box 20, Osiem - Akim",0502183069,,,https://www.bog.gov.gh/supervision-regulation/ofisd/list-of-ofis/community-banks
Community Banks,Ejuraman Rural Bank Limited,"P. O. Box Ks 16662, Adum Kumas",0322490791 / 2; 0501277224,,,https://www.bog.gov.gh/supervision-regulation/ofisd/list-of-ofis/community-banks
Community Banks,Ekumfiman Rural Bank Limited,"P. O. Box 48, Mankessim",0243256940,,,https://www.bog.gov.gh/supervision-regulation/ofisd/list-of-ofis/community-banks
Community Banks,Enyan Denkyira Rural Bank Limited,"P. O. Box 15, Enyan Denkyira",03321-92004,,,https://www.bog.gov.gh/supervision-regulation/ofisd/list-of-ofis/community-banks
Community Banks,Fanteakwa Rural Bank Limited,"P. O. Box 146, Begoro","03420-95352, 0342095332",,,https://www.bog.gov.gh/supervision-regulation/ofisd/list-of-ofis/community-banks
Community Banks,Fiagya Rural Bank Limited,"P. O. Box 130, Nkoranza",0352092090,,,https://www.bog.gov.gh/supervision-regulation/ofisd/list-of-ofis/community-banks
Community Banks,Fiaseman Rural Bank Limited,"P. O. Box 80, Bogoso",03192092911,,,https://www.bog.gov.gh/supervision-regulation/ofisd/list-of-ofis/community-banks
Community Banks,Frerol Rural Bank Limited,"P. O. Box 148, Kpando",0501482580; 0501482579,,,https://www.bog.gov.gh/supervision-regulation/ofisd/list-of-ofis/community-banks
Community Banks,Ga Rural Bank Limited,"P. O. Box Am, 70 Amasaman",0244705014; 0265013014,,,https://www.bog.gov.gh/supervision-regulation/ofisd/list-of-ofis/community-banks
Community Banks,Gbi Rural Bank Limited,"P. O. Box HH 389, Hohoe",093520280,,,https://www.bog.gov.gh/supervision-regulation/ofisd/list-of-ofis/community-banks
Community Banks,Gomoa Community Bank Limited,"P. O. Box Ap 24, Apam",0289100302,,,https://www.bog.gov.gh/supervision-regulation/ofisd/list-of-ofis/community-banks
Community Banks,Jomoro Rural Bank Limited,"P. O. Box 21, Tikobo No. 1",0312092353,,,https://www.bog.gov.gh/supervision-regulation/ofisd/list-of-ofis/community-banks
Community Banks,Juaben Rural Bank Limited,"P. O. Box 21, Juaben - Ash",0271409340; 0245742079,,,https://www.bog.gov.gh/supervision-regulation/ofisd/list-of-ofis/community-banks
Community Banks,Kaakye Rural Bank Limited,"P. O. Box KC 33, Kete-Krachi",0246611026; 0303962568,,,https://www.bog.gov.gh/supervision-regulation/ofisd/list-of-ofis/community-banks
Community Banks,Kaaseman Rural Bank Limited,"P. O. Box 157, Berekum",0208959805,,,https://www.bog.gov.gh/supervision-regulation/ofisd/list-of-ofis/community-banks
Community Banks,Kakum Rural Bank Limited,"P. O. Box 257, Elmina",0332-140060,,,https://www.bog.gov.gh/supervision-regulation/ofisd/list-of-ofis/community-banks
Community Banks,Kintampo Rural Bank Limited,"P. O. Box 98, Kintampo",0501255072,,,https://www.bog.gov.gh/supervision-regulation/ofisd/list-of-ofis/community-banks
Community Banks,Kpassa Rural Bank Limited,"P. O. Box 10, Nkwanta",0544332290,,,https://www.bog.gov.gh/supervision-regulation/ofisd/list-of-ofis/community-banks
Community Banks,Kumawuman Rural Bank Limited,"P. O. Box 33, Kumawu-Ash",024-4978637,,,https://www.bog.gov.gh/supervision-regulation/ofisd/list-of-ofis/community-banks
Community Banks,Kwaebibirem Rural Bank Limited,"P. O. Box 21, Asuom-Akim,",0501335252,,,https://www.bog.gov.gh/supervision-regulation/ofisd/list-of-ofis/community-banks
Community Banks,Kwahu Praso Rural Bank Limited,P. O. Box 29,0501522760,,,https://www.bog.gov.gh/supervision-regulation/ofisd/list-of-ofis/community-banks
Community Banks,Kwahu Rural Bank Limited,"P. O. Box 18, Pepease - Kwahu",0208335734,,,https://www.bog.gov.gh/supervision-regulation/ofisd/list-of-ofis/community-banks
Community Banks,Kwamanman Rural Bank Limited,"P. O. Box 36, Kwamang Ash",0208027383,,,https://www.bog.gov.gh/supervision-regulation/ofisd/list-of-ofis/community-banks
Community Banks,La Community Bank Limited,"P. O. Box La 499, La",0302 -760081,,,https://www.bog.gov.gh/supervision-regulation/ofisd/list-of-ofis/community-banks
Community Banks,Lawra Area Rural Bank Limited,P. O. Box 38,0501389618,,,https://www.bog.gov.gh/supervision-regulation/ofisd/list-of-ofis/community-banks
Community Banks,Lower Pra Rural Bank Limited,"P. O. Box 18, Shama",0277751510; 0312092290; 0277751575,,,https://www.bog.gov.gh/supervision-regulation/ofisd/list-of-ofis/community-banks
Community Banks,Lower Amenfi Rural Bank Limited,"P. O. Box 346, Tarkwa",0322540316;,,,https://www.bog.gov.gh/supervision-regulation/ofisd/list-of-ofis/community-banks
Community Banks,Manya Krobo Rural Bank Limited,"P. O. Box 176, Odumase Krobo",0208470661,,,https://www.bog.gov.gh/supervision-regulation/ofisd/list-of-ofis/community-banks
Community Banks,Mepe Area Rural Bank Limited,"P. O. Box 1, Mepe V/R",0246848824,,,https://www.bog.gov.gh/supervision-regulation/ofisd/list-of-ofis/community-banks
Community Banks,Mfantseman Community Bank Limited,"P. O. Box 8, Biriwa",024-3220982,,,https://www.bog.gov.gh/supervision-regulation/ofisd/list-of-ofis/community-banks
Community Banks,Microfin Rural Bank Limited,"P. O. Box Ku 78, Winneba",0268320792,,,https://www.bog.gov.gh/supervision-regulation/ofisd/list-of-ofis/community-banks
Community Banks,Mponua Rural Bank Limited,"P. O. Box Nk 401, Nkawkaw",0342022015,,,https://www.bog.gov.gh/supervision-regulation/ofisd/list-of-ofis/community-banks
Community Banks,Mumuadu Rural Bank Limited,"P. O. Box OS 31, Osino",0208116691,,,https://www.bog.gov.gh/supervision-regulation/ofisd/list-of-ofis/community-banks
Community Banks,Naara Rural Bank Limited,P. O. Box 14,"0244881321 , 0208779990",,,https://www.bog.gov.gh/supervision-regulation/ofisd/list-of-ofis/community-banks
Community Banks,Nafana Rural Bank Limited,"P. O. Box 123, Sampa",0202088144,,,https://www.bog.gov.gh/supervision-regulation/ofisd/list-of-ofis/community-banks
Community Banks,Nandom Rural Bank Limited,"P. O. Box 10, Nandom",0501287701 / 2,,,https://www.bog.gov.gh/supervision-regulation/ofisd/list-of-ofis/community-banks
Community Banks,Nkoranman Rural Bank Limited,"P. O. Box 20, Berekum - Seikwa","0243-125093, 0506995019",,,https://www.bog.gov.gh/supervision-regulation/ofisd/list-of-ofis/community-banks
Community Banks,Nkoranza Kwabre Rural Bank Limited,P. O. Box 97,0020393992,,,https://www.bog.gov.gh/supervision-regulation/ofisd/list-of-ofis/community-banks
Community Banks,Nkrankwanta Area Rural Bank Limited,"P. O. Box 1, Nkrankwanta",0540588831,,,https://www.bog.gov.gh/supervision-regulation/ofisd/list-of-ofis/community-banks
Community Banks,North Birim Rural Bank Limited,"P. O. Box 49, Afosu",0387031838,,,https://www.bog.gov.gh/supervision-regulation/ofisd/list-of-ofis/community-banks
Community Banks,North Volta Rural Bank Limited,"P. O. Box 5, Jasikan",0200878222,,,https://www.bog.gov.gh/supervision-regulation/ofisd/list-of-ofis/community-banks
Community Banks,Nsoatreman Rural Bank Limited,"P. O. Box 14, Nsoatre",0201146987,,,https://www.bog.gov.gh/supervision-regulation/ofisd/list-of-ofis/community-banks
Community Banks,Nsutaman Rural Bank Limited,"P. O. Box 14, Nsuta - Ashanti Region",0542859263,,,https://www.bog.gov.gh/supervision-regulation/ofisd/list-of-ofis/community-banks
Community Banks,Nwabiagya Rural Bank Limited,"P. O. Box B 170, Bantama - Kumasi",0322091880,,,https://www.bog.gov.gh/supervision-regulation/ofisd/list-of-ofis/community-banks
Community Banks,Nyakrom Rural Bank Limited,"P. O. Box 50, Agona Nyakrom",0242974374,,,https://www.bog.gov.gh/supervision-regulation/ofisd/list-of-ofis/community-banks
Community Banks,Nyankumasi Ahenkro Rural Bank Limited,"P. O. Box 10, Nyakumasi Ahenkro",0501481279,,,https://www.bog.gov.gh/supervision-regulation/ofisd/list-of-ofis/community-banks
Community Banks,Nzema Manle Rural Bank Limited,"P. O. Box 43, Aiyinasi","03128984, 0208202729",,,https://www.bog.gov.gh/supervision-regulation/ofisd/list-of-ofis/community-banks
Community Banks,Odotobri Rural Bank Limited,"P. O. Box 9, Jacobu","0322091454, 0270155590",,,https://www.bog.gov.gh/supervision-regulation/ofisd/list-of-ofis/community-banks
Community Banks,Odupongkpehe Rural Bank Limited,P. O. Box Ks 465,0209414263,,,https://www.bog.gov.gh/supervision-regulation/ofisd/list-of-ofis/community-banks
Community Banks,Odwen Anoma Rural Bank Limited,"P. O. Box 71, Abetifi",0249571960,,,https://www.bog.gov.gh/supervision-regulation/ofisd/list-of-ofis/community-banks
Community Banks,Offinso Rural Bank Limited,"P. O. Box 295, Offinso Ashanti",03220-91611,,,https://www.bog.gov.gh/supervision-regulation/ofisd/list-of-ofis/community-banks
Community Banks,Okomfo Anokye Rural Bank Limited,"P. O. Box 13, Wiamoase",0243638682,,,https://www.bog.gov.gh/supervision-regulation/ofisd/list-of-ofis/community-banks
Community Banks,Otuasekan Rural Bank Limited,"P. O. Box Ma 339, Mampong Ashanti",0322092002; 0322092003,,,https://www.bog.gov.gh/supervision-regulation/ofisd/list-of-ofis/community-banks
Community Banks,Oyibi Area Rural Bank Limited,"P. O. Box AF 314, Adenta",0232073161; 0302968772,,,https://www.bog.gov.gh/supervision-regulation/ofisd/list-of-ofis/community-banks
Community Banks,Sefwiman Rural Bank Limited,,0322092913; 03220092914,,,https://www.bog.gov.gh/supervision-regulation/ofisd/list-of-ofis/community-banks
Community Banks,Sekyedumase Rural Bank Limited,P. O. Box 21 Sekyedomase Ash,0501286178,,,https://www.bog.gov.gh/supervision-regulation/ofisd/list-of-ofis/community-banks
Community Banks,Sekyere Rural Bank Limited,P. O. Box 6 Jamasi,0322091612; 0322091807; 0202028284,,,https://www.bog.gov.gh/supervision-regulation/ofisd/list-of-ofis/community-banks
Community Banks,Shai Rural Bank Limited,"P. O. Box Dd 47, Dodowa",0243265321,,,https://www.bog.gov.gh/supervision-regulation/ofisd/list-of-ofis/community-banks
Community Banks,Sissala Rural Bank Limited,P. O. Box 98,0244097070,,,https://www.bog.gov.gh/supervision-regulation/ofisd/list-of-ofis/community-banks
Community Banks,Sonzele Rural Bank Limited,P. O. Box 16,0244293957,,,https://www.bog.gov.gh/supervision-regulation/ofisd/list-of-ofis/community-banks
Community Banks,South Akim Rural Bank Limited,PMB P. O. Box 117,03420-24279,,,https://www.bog.gov.gh/supervision-regulation/ofisd/list-of-ofis/community-banks
Community Banks,South Birim Rural Bank Limited,"P. O. Box 60, Akim Achiase",0244757954,,,https://www.bog.gov.gh/supervision-regulation/ofisd/list-of-ofis/community-banks
Community Banks,Suhum Rural Bank Limited,"P. O. Box 385, Suhum",0342291876; 0246846956; 0208326977,,,https://www.bog.gov.gh/supervision-regulation/ofisd/list-of-ofis/community-banks
Community Banks,Suma Rural Bank Limited,"P. O. Box13, Suma Ahenkro",0249761633,,,https://www.bog.gov.gh/supervision-regulation/ofisd/list-of-ofis/community-banks
Community Banks,Tepaman Rural Bank Limited,"P. O. Box 5, Tepa",0244389738,,,https://www.bog.gov.gh/supervision-regulation/ofisd/list-of-ofis/community-banks
Community Banks,Tisungtaaba Community Bank Limited,"P. O. Box 11, Gambaga",0208163744,,,https://www.bog.gov.gh/supervision-regulation/ofisd/list-of-ofis/community-banks
Community Banks,Tizaa Rural Bank Limited,"P. O. Box 477, Tamale",0501576037 - 8,,,https://www.bog.gov.gh/supervision-regulation/ofisd/list-of-ofis/community-banks
Community Banks,Toende Rural Bank Limited,"P. O. Box 5, Zebilla",0244436380; 0242607123,,,https://www.bog.gov.gh/supervision-regulation/ofisd/list-of-ofis/community-banks
Community Banks,Twifo Rural Bank Limited,"P. O. Box 3, Twifu Agona",03321-37455,,,https://www.bog.gov.gh/supervision-regulation/ofisd/list-of-ofis/community-banks
Community Banks,Union Rural Bank Limited,"P. O Box 5, Senya Beraku",0302-921904,,,https://www.bog.gov.gh/supervision-regulation/ofisd/list-of-ofis/community-banks
Community Banks,Unity Rural Bank Limited,PMB Volta Region,091-91406; 0208960692; 0244207890,,,https://www.bog.gov.gh/supervision-regulation/ofisd/list-of-ofis/community-banks
Community Banks,Upper Amenfi Rural Bank Limited,"P. O. Box 399, Dunkwa On-Offin",0208030129,,,https://www.bog.gov.gh/supervision-regulation/ofisd/list-of-ofis/community-banks
Community Banks,Upper Manya Kro Rural Bank Limited,"P. O. Box 3, Asesewa",022910442,,,https://www.bog.gov.gh/supervision-regulation/ofisd/list-of-ofis/community-banks
Community Banks,Wamfie Rural Bank Limited,"P. O. Box 26, Wamfie",03520-28966,,,https://www.bog.gov.gh/supervision-regulation/ofisd/list-of-ofis/community-banks
Community Banks,Wenchi Rural Bank Limited,P. O. Box W 30,0209345272,,,https://www.bog.gov.gh/supervision-regulation/ofisd/list-of-ofis/community-banks
Community Banks,Western Rural Bank Limited,"P. O. Box 521, Sekondi",0312047644,,,https://www.bog.gov.gh/supervision-regulation/ofisd/list-of-ofis/community-banks
Community Banks,Weto Rural Bank Limited,"P. O. Box Kp 36, Kpeve",0249499215,,,https://www.bog.gov.gh/supervision-regulation/ofisd/list-of-ofis/community-banks
Community Banks,Yaa Asantewaa Rural Bank Limited,P. O. Box E. J. 371,0204352800; 0502074385; 0204346150,,,https://www.bog.gov.gh/supervision-regulation/ofisd/list-of-ofis/community-banks
Community Banks,Yapra Rural Bank Limited,"P. O. Box 109,",02020777428; 0202077429; 0202077430,,,https://www.bog.gov.gh/supervision-regulation/ofisd/list-of-ofis/community-banks
Community Banks,Zabzugu Rural Bank Limited,"P. O. Box Zb 29, Zabzugu",0372091343; 0203077482; 0242271350,,,https://www.bog.gov.gh/supervision-regulation/ofisd/list-of-ofis/community-banks
Community Banks,Effiduase Rural Bank Limited,"P. O. Box SE 1002, Suame",0599119233,,,https://www.bog.gov.gh/supervision-regulation/ofisd/list-of-ofis/community-banks
Community Banks,Subin Akwaboso Rural Bank Limited,"P. O. Box DW44, Dunkwa",0559691383,,,https://www.bog.gov.gh/supervision-regulation/ofisd/list-of-ofis/community-banks
Community Banks,Kwabre Area Rural Bank Limited,"P. O. Box 3, Kodie – Kumasi",0322498369,,,https://www.bog.gov.gh/supervision-regulation/ofisd/list-of-ofis/community-banks
List of Licensed PSPs,Advance Microanalytics Limited,"Digital Address: GA-070-8336 Physical Address: No. CA4I9/4, Goodwill Road, Kokomlemle, Accra",+233596096244,www.microanalytics.co.za,,https://www.bog.gov.gh/supervision-regulation/registered-institutions/list-of-licensed-psps/
List of Licensed PSPs,AI Technologies LTD,"Digital Address: GA-031-4434 Physical Address: Plot 12, Nuumo Klottey Street, Ringway Estates, Accra",+233302745115,www.ezipay.africa/gh/,,https://www.bog.gov.gh/supervision-regulation/registered-institutions/list-of-licensed-psps/
List of Licensed PSPs,Airtel Mobile Commerce (Ghana) Limited,"Digital Address: GA-076-2516 Physical Address: Millicom Place, Barnes Road, Accra",+233 277802621,www.at.com.gh/airteltigo-money/home,,https://www.bog.gov.gh/supervision-regulation/registered-institutions/list-of-licensed-psps/
List of Licensed PSPs,Alexpay Africa Limited,"Digital Address: GL-014-2659 Physical Address: Room 302 Mbani Plaza, 158 North Labone Housing Estate, Accra",+233263456785/ +233561474747,https://alexpay.africa,,https://www.bog.gov.gh/supervision-regulation/registered-institutions/list-of-licensed-psps/
List of Licensed PSPs,Alpay Company LTD,"Digital Address: GL-005-9881 Physical Address: No. 278, La Road, South La Estate, Accra",+233570611061,N/A,,https://www.bog.gov.gh/supervision-regulation/registered-institutions/list-of-licensed-psps/
List of Licensed PSPs,AppsnMobile Solutions LTD,"Digital Address :GA-335-2882 Address: Maseru Street, East Legon. Accra",+233308255842,www.apppsnmobilesolutions.com,,https://www.bog.gov.gh/supervision-regulation/registered-institutions/list-of-licensed-psps/
List of Licensed PSPs,BigPay Ghana LTD,"Digital Address: GA-027-7677 Physical Address: 703 Okukuseku Street Asylum Down, Accra",+233303943534,www.mybigpay.net,,https://www.bog.gov.gh/supervision-regulation/registered-institutions/list-of-licensed-psps/
List of Licensed PSPs,Brassica Pay LTD,"Digital Address: GA-118-7035 Physical Address: 3rd Floor Skylight Square, 211C Osu Badu Street, Airport Residential, Accra",+233303971675,www.brassicagroup.com/brassica-pay/home,,https://www.bog.gov.gh/supervision-regulation/registered-institutions/list-of-licensed-psps/
List of Licensed PSPs,Brij Fintech Ghana LTD,"Digital Address: GL-056-3703 Physical Address: No. 54, 5th Circular Road, Golden Admiral Residence, Cantonments, Accra",+233548835127,www.brij.africa,,https://www.bog.gov.gh/supervision-regulation/registered-institutions/list-of-licensed-psps/
List of Licensed PSPs,Broadspectrum Digital Payments LTD,"Digital Address: GA-335-4293 Physical Address: 15 Maseru St East Legon, Accra",+233302304636,https://bdp.com.gh/,,https://www.bog.gov.gh/supervision-regulation/registered-institutions/list-of-licensed-psps/
List of Licensed PSPs,CBA BL Limited,"Digital Address: GA-226-8929 Physical Address: UN House, Former CFAO Building. Prof. Attah Mills High Street. Accra",+233262149431,https://wingipay.com/,,https://www.bog.gov.gh/supervision-regulation/registered-institutions/list-of-licensed-psps/
List of Licensed PSPs,Cellulant Ghana LTD,"Digital address: GL-039-9739 Physical address: H/No.23, First Floor La-Tebu Crescent, East Cantonments, Accra",+233540766734,www.cellulant.io,,https://www.bog.gov.gh/supervision-regulation/registered-institutions/list-of-licensed-psps/
List of Licensed PSPs,Clydestone PLC,"Digital Address: GA-585-7142 Physical Address: 16 Adebeto Close, North Labone, Accra",+233302772690,https://clydestone.com/,,https://www.bog.gov.gh/supervision-regulation/registered-institutions/list-of-licensed-psps/
List of Licensed PSPs,Critical Ideas Inc LTD,"Digital Address: GV-004-1738 Physical Address: The Rhombus, No. 24 Tumu Avenue, Kanda, Accra",+233302232002,www.chippercash.com,,https://www.bog.gov.gh/supervision-regulation/registered-institutions/list-of-licensed-psps/
List of Licensed PSPs,DCM Financial Services LTD,"Digital Address: GL-028-8581 Physical Address: 2nd Soula Street, Peter Ala Adjetey Ave. Labone, Accra",+233302771424,www.dcm-gh.com,,https://www.bog.gov.gh/supervision-regulation/registered-institutions/list-of-licensed-psps/
List of Licensed PSPs,Dlocal,"Physical Address: Horizons Offices Ghana Limited, 8th floor , One Airport Square, Plot 21, Airport City, Accra",,www.dlocal.com,,https://www.bog.gov.gh/supervision-regulation/registered-institutions/list-of-licensed-psps/
List of Licensed PSPs,Dosh Pecuniary,"Digital Address: GA-504-4280 Physical Address: Number 10, Mireku We Loop, Dansoman, Ablekuma West Municipality. Accra",+233544316634,,,https://www.bog.gov.gh/supervision-regulation/registered-institutions/list-of-licensed-psps/
List of Licensed PSPs,Emergent Payments Ghana Limited,"Digital Address: GA-124-4012 Physical Address: 15 Yiyiwa Street, Abelemkpe, Accra",+233302263014,www.emergentafrica.com,,https://www.bog.gov.gh/supervision-regulation/registered-institutions/list-of-licensed-psps/
List of Licensed PSPs,Enza Payment Services,"Digital Address: GA-222-4503 Physical Address: 19 Kofi Annan Street, Regus- Airport Residential Area. Accra",+233244978323,https://www.enzagroup.global/,,https://www.bog.gov.gh/supervision-regulation/registered-institutions/list-of-licensed-psps/
List of Licensed PSPs,eTranzact Ghana LTD,"Digital Address: GR-077-1292 Physical Address: 3rd Floor Heritage Tower, Ambassadorial Enclave, Ridge Accra",+233302671694,www.etranzact.com.gh,,https://www.bog.gov.gh/supervision-regulation/registered-institutions/list-of-licensed-psps/
List of Licensed PSPs,Expresspay Ghana LTD,"Digital Address: GA-116-5414 Physical Address: 12 Senchi Street, Airport Residential Area, Accra",+233307000503,www.expresspaygh.com,,https://www.bog.gov.gh/supervision-regulation/registered-institutions/list-of-licensed-psps/
List of Licensed PSPs,Fast Pace Transfer LTD,"Digital Address: GA-084-5661 Physical Address: 1 Quartey Papafio Street. Airport Residential Area, Accra",+233 500000296 / +233 302771663,https://fastpacetransfer.com,,https://www.bog.gov.gh/supervision-regulation/registered-institutions/list-of-licensed-psps/
List of Licensed PSPs,FAWC Limited,"Digital Address: GA-122-4591 Physical Address; Masida House, 25A Osu Avenue, Cantonments Accra",+233242436885,n/a,,https://www.bog.gov.gh/supervision-regulation/registered-institutions/list-of-licensed-psps/
List of Licensed PSPs,Fincra Technologies Ltd,"Digital Address: GL126-4620 Physical Address: DTD Regus 6th and 7th Floor Atlantic Tower, Airport-City, Accra",+233560000209,www.fincra.com,,https://www.bog.gov.gh/supervision-regulation/registered-institutions/list-of-licensed-psps/
List of Licensed PSPs,Flutterwave Technology Solutions LTD,"Digital address: GL-015-2767 Physical address: Plot A32, Klottey Close, North Labone, Accra",+233594179426,www.flutterwave.com,,https://www.bog.gov.gh/supervision-regulation/registered-institutions/list-of-licensed-psps/
List of Licensed PSPs,Ghana Dot Com LTD,"Digital Address: GA-372-9409 Physical Address: 16 Boundary Road, East Legon, Accra",+233 599603939,https://ghana.com/,,https://www.bog.gov.gh/supervision-regulation/registered-institutions/list-of-licensed-psps/
List of Licensed PSPs,Global Accelerex Ghana LTD,"Digital Address: GA-107-0333 Physical Address: Ground Floor Psycon HR Building, No. 11 Ajenuloo Lane, Nyadji Crescent, Asylum-Down, Accra",+233307000125,www.globalaccelerex.com.gh,,https://www.bog.gov.gh/supervision-regulation/registered-institutions/list-of-licensed-psps/
List of Licensed PSPs,G-Money Financial Services LTD,"Digital Address: GA-183-2490 Physical Address: 2nd Floor, GCB Tower, Kwame Nkrumah Avenue, Accra",+233302634922,https://www.g-money.com.gh/,,https://www.bog.gov.gh/supervision-regulation/registered-institutions/list-of-licensed-psps/
List of Licensed PSPs,Halges Financial Technologies LTD,"Digital Address: GE-350-9625 Physical address: Nii Owoo Avenue, Westland, Accra",+233242624333,www.korba365.com,,https://www.bog.gov.gh/supervision-regulation/registered-institutions/list-of-licensed-psps/
List of Licensed PSPs,Hubtel LTD,"Digital Address: GA-098-9573 Physical address: 63 Hotel Road Kokomlemle, Accra",+233302256859,www.hubtel.com,,https://www.bog.gov.gh/supervision-regulation/registered-institutions/list-of-licensed-psps/
List of Licensed PSPs,Instant Payment Solutions Limited,"Digital Address: GL-116-6165 Physical Address: No 8 Blohum Street, Dzorwulu, Accra",+233246808484,www.intstant payment.com.gh,,https://www.bog.gov.gh/supervision-regulation/registered-institutions/list-of-licensed-psps/
List of Licensed PSPs,Ismart International Ghana Limited,"Digital Address: G4-286-2423 Physical Address: Plot No. 2, Shiashie, 2nd Zaire Avenue, East Legon, Boundary Road, Accra",+233303944139,www.ismartghana.com,,https://www.bog.gov.gh/supervision-regulation/registered-institutions/list-of-licensed-psps/
List of Licensed PSPs,IT Consortium LTD,"Digital Address: GD-236-6841 Physical Address: No. 3 Gem Street, Adjiringanor, Accra",+233552571940 / +233540134441,www.itconsortiumgh.com,,https://www.bog.gov.gh/supervision-regulation/registered-institutions/list-of-licensed-psps/
List of Licensed PSPs,JUMO Ghana LTD,"Digital Address: GL-126-6169 Physical Address: 8th Floor, One Airport Square. Airport – City. Accra.",+233 555060011/ +233 242686756,https://jumo.world/,,https://www.bog.gov.gh/supervision-regulation/registered-institutions/list-of-licensed-psps/
List of Licensed PSPs,Juni Ghana LTD,"Digital Address: GW-1053-9475 Physical Address: Unnumbered house, Sowutuom District, Tantra Hill, Accra",+233303942297,www.junipayments.com,,https://www.bog.gov.gh/supervision-regulation/registered-institutions/list-of-licensed-psps/
List of Licensed PSPs,Keed Ghana LTD,"Digital Address: GL-013-3644 Physical Address: KGL House, 134, Ndabaningi Sithole Road, Labone, Accra",+233308249477,https://kglgroup.com.gh/keed,,https://www.bog.gov.gh/supervision-regulation/registered-institutions/list-of-licensed-psps/
List of Licensed PSPs,Liberte Pay LTD,"Digital Address: GA-117-4329 Physical Address: No. 3 Dodi Link Airport Residential Area, Accra",+233303980855,www.libertepay.com,,https://www.bog.gov.gh/supervision-regulation/registered-institutions/list-of-licensed-psps/
List of Licensed PSPs,LOOP DFS GHANA LTD,"Digital Address: GA-004-2941 Physical Address: The Rhombus, Ground Floor, Tumu Avenue, Kanda Accra, Ghana",+233558124295,https://loop.co.ke,,https://www.bog.gov.gh/supervision-regulation/registered-institutions/list-of-licensed-psps/
List of Licensed PSPs,MDP Ghana Limited,"Digital Address: GA-015-9465 Physical Address: Number 13 Dr Isert Street, North Ridge, Accra.",+233243306966,www.mdp.global,,https://www.bog.gov.gh/supervision-regulation/registered-institutions/list-of-licensed-psps/
List of Licensed PSPs,MobileMoney LTD,"Digital Address: GA-016-4526 Physical Address: 9th Floor- Stanchart Building, Ako Adjei Interchange, Ridge, Accra.",+233308249988,https://mtn.com.gh/momo/,,https://www.bog.gov.gh/supervision-regulation/registered-institutions/list-of-licensed-psps/
List of Licensed PSPs,Mojo Payments LTD (formerly Cross Switch Ghana Ltd),"Digital Address: GA-015-6368 Physical Address: No. 5 Sam Nujoma Close, North Ridge, Accra.",+233303955346,https://mojo-pay.com,,https://www.bog.gov.gh/supervision-regulation/registered-institutions/list-of-licensed-psps/
List of Licensed PSPs,Moolre LTD,"Digital Address: GD-166-7422 Physical Address: YIM House, 2nd Link Road, Ability Square, East Legon, Accra",+233246798993 +233546768116,https://moolre.com,,https://www.bog.gov.gh/supervision-regulation/registered-institutions/list-of-licensed-psps/
List of Licensed PSPs,NI Payment Services (Ghana) LTD,"Digital Address: GA-085-7520 Physical Address: 3rd Floor Volta Place Build, 35 Patrice Lumumba Road, Airport Residential Area, Accra",+233303955615,www.network.ae/,,https://www.bog.gov.gh/supervision-regulation/registered-institutions/list-of-licensed-psps/
List of Licensed PSPs,Npontu Technologies,"Tse-Addo Roundabout, Accra",+233556541525,https://npontu.com,,https://www.bog.gov.gh/supervision-regulation/registered-institutions/list-of-licensed-psps/
List of Licensed PSPs,Nsano Limited,"Digital Address: GM-070-1446 Physical Address: The Voyager, 3 Bearded Street, North Legon-Agbogba, Accra",+23330290901,www.nsano.com,,https://www.bog.gov.gh/supervision-regulation/registered-institutions/list-of-licensed-psps/
List of Licensed PSPs,Onafriq Ghana LTD,"Digital Address: GA-107-0333 Physical Address: H/No. F 183/8, Premier Point, Labone, Accra",+233540800222,www.mfsafrica.com,,https://www.bog.gov.gh/supervision-regulation/registered-institutions/list-of-licensed-psps/
List of Licensed PSPs,Orange Tech LTD,"Digital Address: GA-167-2723 Physical Address: 5th Floor, Orange Heights, Nsawam Road, Tesano, Accra",+233307001554,www.orangtech.io,,https://www.bog.gov.gh/supervision-regulation/registered-institutions/list-of-licensed-psps/
List of Licensed PSPs,Payaza Africa LTD,"Digital Address: GL-116-0375 Physical Address: Room 211 2nd Floor GACC, Airport, Accra",+233554332559,https://payaza.africa/,,https://www.bog.gov.gh/supervision-regulation/registered-institutions/list-of-licensed-psps/
List of Licensed PSPs,Paycode Ghana LTD,"Digital Address: GJ-130-0290 Physical Address: Opposite Phastor Group Ltd, Kokrobite Junction, Old Weija Barrier-Winneba Road",+233508626111 / +233508626112,www.paycodeghana.com,,https://www.bog.gov.gh/supervision-regulation/registered-institutions/list-of-licensed-psps/
List of Licensed PSPs,Payinc Ghana Limited,"Digital Address: GD-208-4077 Physical Address: Raspberry Street, East Legon, Accra",+233266688826,www.payangel.com,,https://www.bog.gov.gh/supervision-regulation/registered-institutions/list-of-licensed-psps/
List of Licensed PSPs,Paystack Ghana LTD,"Digital Address: GA-116-5046 Physical Address: Africaworks Accra 1 4th Floor, Stanbic Heights 215 North Liberation Link, Aiport City, Accra",+233 596992990,https://paystack.com,,https://www.bog.gov.gh/supervision-regulation/registered-institutions/list-of-licensed-psps/
List of Licensed PSPs,Payswitch LTD,"Digital Address: GA-284-0141 Physical Address: No. 2 Justice Azu Crabbe Street, East-Legon, Accra",+233244332134,https://www.payswitch.com.gh,,https://www.bog.gov.gh/supervision-regulation/registered-institutions/list-of-licensed-psps/
List of Licensed PSPs,PeoplesPay Limited LTD (Formerly Bsystems Limited),"Digital Address: GA-049-9203 Physical Address: 6 Eseefoo Street, Asylum down, Accra",+233302254340,www.peoplespay.com.gh,,https://www.bog.gov.gh/supervision-regulation/registered-institutions/list-of-licensed-psps/
List of Licensed PSPs,QuidexPlus LTD,"Digital Address: GA- 107-6878 Physical Address: The Octagon, 6th Floor, Suite A607, Independence Avenue, Accra",+233547924547,https://www.pawapay.io/index.html,,https://www.bog.gov.gh/supervision-regulation/registered-institutions/list-of-licensed-psps/
List of Licensed PSPs,Remcash Company Limited,"Digital Address: GL-075-2328 Physical Address: 5 Abokobi Street, Captain Hooks, Cantonment, Accra",+23330228865,www.remcash.com,,https://www.bog.gov.gh/supervision-regulation/registered-institutions/list-of-licensed-psps/
List of Licensed PSPs,Sao Payments,"Digital Address: GR-054-3897 Physical Address: 2 Palace St, Dans Bar, North Kaneshie, Accra",+233242280368,www.saopayglobal.com,,https://www.bog.gov.gh/supervision-regulation/registered-institutions/list-of-licensed-psps/
List of Licensed PSPs,SEVN Ghana LTD,"Digital Address: GT-362-0392 Physical Address: 3rd Floor Crystal Plaza, Sakumono, Accra",+23330825112,www.kowri.app,,https://www.bog.gov.gh/supervision-regulation/registered-institutions/list-of-licensed-psps/
List of Licensed PSPs,Simbrella Ghana Limited,"Digital Address: GA-092-9437 Physical Address: 71 Swaniker Street, Abelemkpe Accra",+233302797680,www.simbrellaghana.com,,https://www.bog.gov.gh/supervision-regulation/registered-institutions/list-of-licensed-psps/
List of Licensed PSPs,SoftMasters Company Limited,"Digital Address: GA-127-4313 Physical Address: 3 Santana Street, Abelenkpe-Accra",+233257089520,https://softmastersgroup.com,,https://www.bog.gov.gh/supervision-regulation/registered-institutions/list-of-licensed-psps/
List of Licensed PSPs,StacAi LTD,"Digital Address: G4-716-0017 Physical Address: Regus, 3rd Floor OMA Building, Airport Residential Area, Accra",+233244308554,https://stac.ai,,https://www.bog.gov.gh/supervision-regulation/registered-institutions/list-of-licensed-psps/
List of Licensed PSPs,Tarya Ghana LTD,"Digital Address: GA-412-3000 Physical Address: House No 17 Garden Street, East Legon, Accra",+233302547293,N/A,,https://www.bog.gov.gh/supervision-regulation/registered-institutions/list-of-licensed-psps/
List of Licensed PSPs,TechFin Innovations Limited,"Digital Address: GA-413-2627 Physical Address: No. 2 Lavender Avenue East Legon, Accra",+233302506456,www.techfininnovations.com,,https://www.bog.gov.gh/supervision-regulation/registered-institutions/list-of-licensed-psps/
List of Licensed PSPs,Techustle Ghana Limited,Digital Address: GT-027-9309 Physical Address: C5A Robins Dr Lashibi-Tema Metropolitan,+233556906777,www.afipayments.com,,https://www.bog.gov.gh/supervision-regulation/registered-institutions/list-of-licensed-psps/
List of Licensed PSPs,Teksol Eganow LTD,"Digital Address: GA-413-5334 Physical Address: No. 10 Parsnip Street, East Legon, Accra",+233552558850,www.eganow.com,,https://www.bog.gov.gh/supervision-regulation/registered-institutions/list-of-licensed-psps/
List of Licensed PSPs,Telecel Ghana Mobile Financial Services LTD,"Digital Address: GA-153-4279 Physical Address: South Liberation Link, Manet Tower A, Airport City, Accra.",+233505555111/ +233302334040,https://telecel.com.gh/personal/telecel-cash/,,https://www.bog.gov.gh/supervision-regulation/registered-institutions/list-of-licensed-psps/
List of Licensed PSPs,The Blu Penguin Company Limited,"Digital Address: GL-042-436 Physical Address: No43 4th Circular Close, Cantonments, Accra",+233547220200,www.theblupenguin.com,,https://www.bog.gov.gh/supervision-regulation/registered-institutions/list-of-licensed-psps/
List of Licensed PSPs,Titan Payment System Limited (Titan PS),"Digital Address: GL-028-9548 Physical Address: 66 Ndabaningi Sithole RD, Labone",+233244368432,www.mycashbox.org,,https://www.bog.gov.gh/supervision-regulation/registered-institutions/list-of-licensed-psps/
List of Licensed PSPs,Transsnet Payments Ghana Limited,"Digital Address: GL-126-4342 Physical Address: 3rd Floor SSNIT Emporium Airport City Liberation Road, Accra",+233244701325,www.palmpay.co,,https://www.bog.gov.gh/supervision-regulation/registered-institutions/list-of-licensed-psps/
List of Licensed PSPs,Vantage Scan Ghana LTD,"Digital Address: GA-412-3000 Physical Address: No 17 Garden Road, East Legon, Accra",+233302547293,www.vantagepay.com,,https://www.bog.gov.gh/supervision-regulation/registered-institutions/list-of-licensed-psps/
List of Licensed PSPs,Xtra MFS Ghana LTD,"Digital Address: GL-126-6169 Physical Address: Commercial 1st Floor 9, One Airport Square Building, Plot 21 Airport City, Accra",+233533311489,https://optasia.com,,https://www.bog.gov.gh/supervision-regulation/registered-institutions/list-of-licensed-psps/
List of Licensed PSPs,Yap Fintech Ghana Limited,"Digital Address: GE-370-3252 Physical Address: Matraco Building, Achimota, Accra",+2333307001555,www.yap.com/gh,,https://www.bog.gov.gh/supervision-regulation/registered-institutions/list-of-licensed-psps/
Licensed Credit Bureaus,XDS Data Ghana,"Suite A701, 7th Floor, Octagon Building, Accra Tesano, Accra. P.O. Box YK 895, Kanda","+233 278-858-255, +233 269-831-092, +233 302-769-916",www.xdsdata.com,,https://www.bog.gov.gh/supervision-regulation/fsd/licensed-credit-bureaus/
Licensed Credit Bureaus,Dun and Bradstreet Credit Bureau Limited,"Advantage Place, Second Floor-23 Mayor Rd, Accra, P.O. Box CT 5801, Cantonment – Accra",+233 544-343-201,www.dnbghana.com,,https://www.bog.gov.gh/supervision-regulation/fsd/licensed-credit-bureaus/
Licensed Credit Bureaus,MyCredit Score Limited,"11 Duala Close, East Legon-Accra",+233556440182,www.mycreditscore.com.gh,,https://www.bog.gov.gh/supervision-regulation/fsd/licensed-credit-bureaus/
Development Finance Institutions,Development Bank Ghana Limited,"8th Floor Accra Financial Centre, 3rd Ambassadorial Development Area, Ridge; P. O. Box 4191, Accra; GPS Address: GA-107-2442",,https://www.dbg.com.gh,info@dbg.com.gh,https://www.bog.gov.gh/supervision-regulation/all-institutions/development-finance-institutions/
Digital Lending Applications,Fido Micro Credit Limited,"P. O. Box NT 8, Accra",0540114250,,,https://www.bog.gov.gh/supervision-regulation/register-of-licensed-institutions/digital-lending-applications/
